Date,WTI_Crude,Brent_Crude,RBOB_Gasoline,Costco_Stock,US_Dollar_Index,Energy_ETF,Exxon,Chvron,Marathon_Petro,Phillips_66,Cheniere_LNG,Lockheed_Martin,RTX_Corp,Northrop_Grumman,L3Harris,General_Dynamics
2025-03-12,67.68000030517578,70.94999694824219,2.150099992752075,922.02685546875,103.61000061035156,42.47135925292969,105.50492095947266,146.09542846679688,134.24066162109375,119.58871459960938,213.11550903320312,449.2270812988281,125.83580780029297,467.58612060546875,205.430908203125,255.0877227783203
2025-03-13,66.55000305175781,69.87999725341797,2.1331000328063965,885.765625,103.83000183105469,42.181060791015625,105.06021118164062,146.99493408203125,134.14276123046875,118.16112518310547,209.53981018066406,455.4860534667969,127.05521392822266,482.8311462402344,207.6233367919922,256.2159423828125
2025-03-14,67.18000030517578,70.58000183105469,2.148699998855591,898.9931030273438,103.72000122070312,43.42936325073242,108.18292236328125,150.2581024169922,138.18601989746094,122.24130249023438,216.45346069335938,453.77288818359375,127.83211517333984,477.2606201171875,207.50535583496094,257.0694885253906
2025-03-17,67.58000183105469,71.06999969482422,2.1812000274658203,911.6138916015625,103.37000274658203,44.12125015258789,109.98113250732422,151.8848876953125,143.0908203125,124.61417388916016,220.40557861328125,455.174560546875,129.85791015625,482.7425537109375,209.39303588867188,260.15985107421875
2025-03-18,66.9000015258789,70.55999755859375,2.1684000492095947,893.1550903320312,103.23999786376953,44.193824768066406,109.8651123046875,153.8848876953125,142.9342041015625,123.86180877685547,221.90122985839844,456.8001708984375,130.48727416992188,482.0634460449219,208.85227966308594,262.4555358886719
2025-03-19,67.16000366210938,70.77999877929688,2.169600009918213,899.1223754882812,103.43000030517578,44.91474533081055,111.57632446289062,156.98536682128906,146.42921447753906,124.43090057373047,225.1104278564453,458.036376953125,133.07362365722656,483.74639892578125,209.45201110839844,262.89703369140625
2025-03-20,68.26000213623047,72.0,2.1910998821258545,890.5196533203125,103.8499984741211,45.07925033569336,112.05004119873047,157.67434692382812,148.75924682617188,124.25728607177734,228.0423126220703,454.3277282714844,132.2377166748047,481.49261474609375,206.35508728027344,260.6700439453125
2025-03-21,68.27999877929688,72.16000366210938,2.1953999996185303,904.3040161132812,104.08999633789062,44.76475143432617,111.66332244873047,157.6552276611328,146.81103515625,121.04522705078125,224.6746063232422,428.0068054199219,130.17259216308594,482.95904541015625,204.4772186279297,258.4233703613281
2025-03-24,69.11000061035156,73.0,2.2065999507904053,920.9924926757812,104.26000213623047,45.27479553222656,111.953369140625,157.91358947753906,145.5579071044922,121.99050903320312,231.370361328125,423.4123229980469,132.45407104492188,487.2501220703125,207.1612548828125,260.84661865234375
2025-03-25,69.0,73.0199966430664,2.208699941635132,925.1895751953125,104.18000030517578,45.46009063720703,112.71710968017578,158.79397583007812,145.9593048095703,121.04522705078125,229.79547119140625,430.31378173828125,133.40798950195312,498.6075744628906,208.98008728027344,262.4752197265625
2025-03-26,69.6500015258789,73.79000091552734,2.232800006866455,924.6823120117188,104.55000305175781,45.72827911376953,114.34130859375,160.73654174804688,146.6641845703125,122.08695983886719,230.24119567871094,433.33135986328125,132.1000518798828,499.119384765625,208.36070251464844,264.4765319824219
2025-03-27,69.91999816894531,74.02999877929688,2.2464001178741455,933.6332397460938,104.06999969482422,45.284549713134766,113.97393798828125,159.473388671875,144.255859375,120.30249786376953,224.63497924804688,430.5181884765625,131.21499633789062,505.6937561035156,209.11773681640625,264.38824462890625
2025-03-28,69.36000061035156,73.62999725341797,2.2346999645233154,924.5927734375,104.04000091552734,45.070003509521484,113.81925201416016,158.93751525878906,141.0740966796875,117.44733428955078,224.08029174804688,429.7491760253906,129.5333709716797,504.08953857421875,204.2510986328125,263.9859924316406
2025-03-31,71.4800033569336,74.73999786376953,2.283099889755249,940.625,104.20999908447266,45.56736755371094,114.97938537597656,160.0858154296875,142.63070678710938,119.1064224243164,229.201171875,434.83038330078125,130.26112365722656,503.91241455078125,205.7848358154297,267.4197082519531
2025-04-01,71.19999694824219,74.48999786376953,2.302500009536743,949.1980590820312,104.26000213623047,45.83555221557617,115.08574676513672,161.2532958984375,143.5509796142578,119.94560241699219,228.75546264648438,436.7090759277344,130.64462280273438,504.985107421875,206.21743774414062,268.9502258300781
2025-04-02,71.70999908447266,74.94999694824219,2.3310000896453857,959.81982421875,103.80999755859375,45.89894104003906,114.72802734375,159.3011474609375,144.79429626464844,119.6658706665039,232.3905792236328,440.8265686035156,130.93963623046875,504.07965087890625,208.33120727539062,270.81427001953125
2025-04-03,66.94999694824219,70.13999938964844,2.164299964904785,961.808837890625,102.06999969482422,42.29548645019531,108.69530487060547,149.39683532714844,125.88977813720703,103.38375091552734,217.97885131835938,442.685791015625,128.068115234375,507.0223693847656,206.4042205810547,264.5158386230469
2025-04-04,61.9900016784668,65.58000183105469,2.054500102996826,911.484619140625,103.0199966430664,38.40434646606445,100.87403106689453,137.1097869873047,118.5276870727539,95.3102035522461,195.3756866455078,420.6576232910156,115.50027465820312,477.84130859375,198.65692138671875,245.2770233154297
2025-04-07,60.70000076293945,64.20999908447266,2.0201001167297363,903.1801147460938,103.26000213623047,38.155662536621094,99.52054595947266,134.1145782470703,119.10530090332031,93.16883850097656,200.2786407470703,419.3629455566406,115.37242889404297,473.95379638671875,196.83810424804688,242.99114990234375
2025-04-08,59.58000183105469,62.81999969482422,1.9914000034332275,903.7967529296875,102.95999908447266,37.2730827331543,97.42262268066406,131.03323364257812,116.06061553955078,89.58060455322266,203.2105255126953,431.5694580078125,118.46031188964844,484.1893310546875,197.36900329589844,249.58392333984375
2025-04-09,62.349998474121094,65.4800033569336,2.0383999347686768,959.9291381835938,102.9000015258789,40.15974807739258,102.2855453491211,139.7413787841797,128.6603546142578,99.4771957397461,215.7601318359375,449.9473876953125,126.29798126220703,504.1977844238281,210.73995971679688,266.37982177734375
2025-04-10,60.06999969482422,63.33000183105469,1.961300015449524,959.0540161132812,100.87000274658203,37.53639221191406,96.61053466796875,129.16722106933594,118.97802734375,93.55467224121094,210.81752014160156,451.36859130859375,124.9605712890625,507.9278564453125,209.91409301757812,266.6741638183594
2025-04-11,61.5,64.76000213623047,1.9990999698638916,958.1588134765625,99.77999877929688,38.46773147583008,99.71390533447266,129.7892303466797,120.83812713623047,93.93086242675781,218.21656799316406,462.2707214355469,126.13080596923828,525.5447387695312,218.29061889648438,272.91876220703125
2025-04-14,61.529998779296875,64.87999725341797,2.022200107574463,973.982177734375,99.63999938964844,38.60426330566406,99.9555892944336,129.4925994873047,122.22831726074219,94.35528564453125,219.54383850097656,462.6990051269531,126.99620819091797,527.3458251953125,218.9394989013672,275.0200500488281
2025-04-15,61.33000183105469,64.66999816894531,2.024399995803833,971.59521484375,100.22000122070312,38.545753479003906,99.67522430419922,128.7461700439453,119.66333770751953,92.80229949951172,224.79345703125,457.0921936035156,126.5045166015625,520.9879150390625,217.22879028320312,273.4021911621094
2025-04-16,62.470001220703125,65.8499984741211,2.0434000492095947,962.4751586914062,99.37999725341797,38.86269760131836,100.7290267944336,129.53085327148438,121.4646987915039,93.14955139160156,225.28872680664062,464.3927307128906,127.1043930053711,529.0090942382812,215.1936798095703,272.8990478515625
2025-04-17,64.68000030517578,67.95999908447266,2.09879994392395,989.0794067382812,99.37999725341797,39.74039840698242,103.36833953857422,131.93275451660156,125.03805541992188,95.5899429321289,229.2506866455078,451.73846435546875,126.75035858154297,531.8435668945312,214.54478454589844,272.3564453125
2025-04-21,63.08000183105469,66.26000213623047,2.0652999877929688,952.5496215820312,98.27999877929688,38.701786041259766,101.8504867553711,127.97105407714844,124.05905151367188,93.57396697998047,221.21775817871094,446.1413879394531,124.0263442993164,522.9268798828125,210.51380920410156,269.4955749511719
2025-04-22,64.30999755859375,67.44000244140625,2.099600076675415,973.892578125,98.91999816894531,39.686763763427734,104.70249938964844,131.38731384277344,128.63096618652344,97.32618713378906,227.61639404296875,449.7916564941406,111.86168670654297,456.74041748046875,211.45765686035156,271.0937194824219
2025-04-23,62.27000045776367,66.12000274658203,2.083899974822998,970.5211791992188,99.83999633789062,39.613624572753906,103.80339050292969,130.79400634765625,131.47987365722656,99.13959503173828,225.92263793945312,451.2225646972656,118.28329467773438,465.1748352050781,212.66693115234375,262.14605712890625
2025-04-24,62.790000915527344,66.55000305175781,2.1057000160217285,970.1630249023438,99.29000091552734,40.24751663208008,105.02153015136719,133.0811004638672,134.65182495117188,100.98194885253906,230.0629119873047,454.3958435058594,119.94523620605469,455.7463684082031,212.6276092529297,268.0453796386719
2025-04-25,63.02000045776367,66.87000274658203,2.1189000606536865,971.8339233398438,99.47000122070312,40.174373626708984,104.9635238647461,132.75575256347656,134.55393981933594,100.2874526977539,230.96426391601562,464.9378662109375,123.14128875732422,465.7162170410156,212.44081115722656,268.3019104003906
2025-04-28,62.04999923706055,65.86000061035156,2.105799913406372,973.2063598632812,99.01000213623047,40.457191467285156,105.02153015136719,134.06674194335938,134.69100952148438,102.03334045410156,235.34226989746094,463.6237487792969,122.72826385498047,475.666259765625,215.07568359375,268.2723083496094
2025-04-29,60.41999816894531,64.25,2.071199893951416,986.294677734375,99.23999786376953,40.34016418457031,104.76051330566406,133.3011932373047,135.40567016601562,102.24555206298828,235.57008361816406,463.22467041015625,123.64281463623047,474.47540283203125,217.5040740966797,268.410400390625
2025-04-30,58.209999084472656,63.119998931884766,2.0369999408721924,989.0794067382812,99.47000122070312,39.252784729003906,102.12118530273438,130.2007293701172,134.52456665039062,100.37425231933594,228.9139404296875,465.0449523925781,124.03617095947266,478.8058166503906,216.31446838378906,268.44989013671875
2025-05-01,59.2400016784668,62.130001068115234,2.0492000579833984,993.5946044921875,100.25,39.399070739746094,102.26620483398438,130.39210510253906,134.82806396484375,99.79551696777344,228.29983520507812,465.0157470703125,125.29492950439453,478.97314453125,216.206298828125,267.84814453125
2025-05-02,58.290000915527344,61.290000915527344,2.01990008354187,1004.1107177734375,100.0,39.974456787109375,102.68192291259766,132.53564453125,138.57763671875,103.35481262207031,233.54946899414062,460.2265625,128.04844665527344,483.64801025390625,216.04901123046875,269.3476257324219
2025-05-05,57.130001068115234,60.22999954223633,2.0227999687194824,1010.6734008789062,99.83000183105469,39.252784729003906,99.8395767211914,129.66482543945312,140.3202667236328,103.1136703491211,233.27212524414062,459.01953125,126.4553451538086,485.52777099609375,214.93804931640625,268.4696044921875
2025-05-06,59.09000015258789,62.150001525878906,2.064500093460083,1006.3016357421875,99.23999786376953,39.262535095214844,101.23174285888672,129.76052856445312,141.51466369628906,101.65715026855469,232.2321014404297,455.7586364746094,126.03248596191406,479.7703552246094,212.5489501953125,266.9602355957031
2025-05-07,58.06999969482422,61.119998931884766,2.0278000831604004,1002.9655151367188,99.61000061035156,39.27716827392578,101.13507080078125,129.9423370361328,141.65170288085938,101.81148529052734,236.49122619628906,458.7859191894531,125.38343811035156,478.35308837890625,214.3284912109375,265.8158874511719
2025-05-08,59.90999984741211,62.84000015258789,2.085400104522705,1003.5232543945312,100.63999938964844,39.79404067993164,102.54657745361328,131.1385040283203,146.82083129882812,105.32256317138672,235.05502319335938,461.91058349609375,126.53401184082031,476.7095031738281,214.7119140625,268.311767578125
2025-05-09,61.02000045776367,63.90999984741211,2.1084001064300537,1003.901611328125,100.33999633789062,40.193878173828125,103.74536895751953,132.5260772705078,147.7215118408203,106.99128723144531,232.06735229492188,460.9273986816406,126.53401184082031,474.9871520996094,215.695068359375,267.8974304199219
2025-05-12,61.95000076293945,64.95999908447266,2.1331000328063965,1011.92822265625,101.79000091552734,41.24224853515625,105.533935546875,135.5212860107422,154.81927490234375,114.47643280029297,228.7719268798828,460.5770263671875,128.3926239013672,471.5819091796875,215.27230834960938,272.5143127441406
2025-05-13,63.66999816894531,66.62999725341797,2.1659998893737793,994.8793334960938,101.0,41.82250213623047,105.82395935058594,136.21986389160156,159.42056274414062,121.12239074707031,230.99533081054688,447.6014709472656,128.5499725341797,463.2261657714844,214.6922607421875,269.33770751953125
2025-05-14,63.150001525878906,66.08999633789062,2.1700000762939453,987.4203491210938,101.04000091552734,41.568946838378906,104.87652587890625,135.56912231445312,160.08628845214844,120.283203125,231.5214080810547,437.2347106933594,128.6188201904297,449.0834655761719,215.95068359375,267.0391540527344
2025-05-15,61.619998931884766,64.52999877929688,2.134399890899658,1006.2716674804688,100.87999725341797,41.74448776245117,105.94001770019531,136.13372802734375,161.81912231445312,120.35071563720703,233.9730987548828,452.7702941894531,133.2703094482422,461.63177490234375,223.0392608642578,274.7536926269531
2025-05-16,62.4900016784668,65.41000366210938,2.1417999267578125,1021.56787109375,101.08999633789062,41.68109893798828,105.55950927734375,135.98062133789062,160.67367553710938,121.27672576904297,233.32791137695312,455.86572265625,133.23095703125,465.6866149902344,226.32301330566406,276.92401123046875
2025-05-19,62.689998626708984,65.54000091552734,2.1387999057769775,1030.04248046875,100.43000030517578,41.13985061645508,103.88131713867188,134.14028930664062,158.862548828125,118.98811340332031,231.48171997070312,460.47967529296875,134.9224090576172,463.6690368652344,227.08004760742188,277.57513427734375
2025-05-20,62.560001373291016,65.37999725341797,2.152100086212158,1032.5123291015625,100.12000274658203,40.75950622558594,102.39826965332031,132.9586181640625,158.13807678222656,117.7415542602539,231.2236328125,463.166259765625,134.90272521972656,469.0624084472656,226.9325714111328,277.77239990234375
2025-05-21,61.56999969482422,64.91000366210938,2.1498000621795654,1021.0401611328125,99.55999755859375,40.00859069824219,101.13964080810547,131.30230712890625,154.27865600585938,108.85980987548828,227.61062622070312,457.7735900878906,132.7097625732422,466.40509033203125,228.67276000976562,273.95465087890625
2025-05-22,61.20000076293945,64.44000244140625,2.131200075149536,1013.89990234375,99.95999908447266,39.85255432128906,100.46641540527344,131.04078674316406,156.43482971191406,110.02845764160156,226.8165283203125,457.9390869140625,131.84437561035156,465.4012145996094,235.16160583496094,273.29364013671875
2025-05-23,61.529998779296875,64.77999877929688,2.1092000007629395,1004.3099365234375,99.11000061035156,39.979331970214844,100.52495574951172,132.25152587890625,156.6514129638672,110.17454528808594,227.42201232910156,456.41082763671875,130.81642150878906,464.003662109375,233.490234375,271.0444030761719
2025-05-27,60.88999938964844,64.08999633789062,2.071500062942505,1013.5613403320312,99.5199966430664,40.32553482055664,101.00303649902344,133.5010223388672,159.82167053222656,111.34319305419922,229.94320678710938,464.16888427734375,132.63511657714844,467.95025634765625,243.72491455078125,275.4640197753906
2025-05-28,61.84000015258789,64.9000015258789,2.089200019836426,1008.9306640625,99.87999725341797,39.813541412353516,99.62732696533203,131.7478790283203,156.15916442871094,109.82393646240234,231.888671875,457.4815979003906,131.31063842773438,467.8026428222656,240.25436401367188,269.94940185546875
2025-05-29,60.939998626708984,64.1500015258789,2.0594000816345215,1004.5488891601562,99.27999877929688,40.110984802246094,100.19322967529297,133.57850646972656,157.4488983154297,111.68404388427734,230.09207153320312,461.0928649902344,133.238037109375,471.8082580566406,239.3203582763672,271.48834228515625
2025-05-30,60.790000915527344,63.900001525878906,2.0383999347686768,1035.8583984375,99.33000183105469,39.755027770996094,99.81271362304688,132.40650939941406,158.25624084472656,110.5154037475586,235.23370361328125,469.5517883300781,134.89857482910156,477.1031494140625,240.22486877441406,274.7339782714844
2025-06-02,62.52000045776367,64.62999725341797,2.052500009536743,1052.458984375,98.69999694824219,40.27677536010742,100.54447174072266,133.51071166992188,156.29698181152344,111.29449462890625,241.4274444580078,469.2969665527344,135.86721801757812,478.0129699707031,239.06475830078125,271.9914245605469
2025-06-03,63.40999984741211,65.62999725341797,2.0787999629974365,1051.2042236328125,99.25,40.754634857177734,101.2762451171875,135.16700744628906,159.4672393798828,112.94034576416016,242.519287109375,470.6201477050781,135.90676879882812,482.79925537109375,240.280029296875,272.3170166015625
2025-06-04,62.849998474121094,64.86000061035156,2.0339999198913574,1047.320556640625,98.79000091552734,39.95982360839844,99.81271362304688,133.05545043945312,154.52479553222656,109.54151916503906,239.10479736328125,472.6195373535156,136.94459533691406,485.83514404296875,239.41053771972656,271.3206481933594
2025-06-05,63.369998931884766,65.33999633789062,2.0629000663757324,1006.6103515625,98.73999786376953,39.92082214355469,99.35414123535156,132.6002197265625,155.76535034179688,109.29805755615234,242.08255004882812,468.52264404296875,137.45855712890625,482.7003173828125,239.16354370117188,270.7188720703125
2025-06-06,64.58000183105469,66.47000122070312,2.0768001079559326,1010.7232055664062,99.19000244140625,40.67173767089844,101.73480987548828,135.8062744140625,157.64581298828125,111.30423736572266,241.28846740722656,472.1098937988281,137.48822021484375,483.97601318359375,241.3470916748047,272.7510986328125
2025-06-09,65.29000091552734,67.04000091552734,2.0952000617980957,1001.99951171875,98.94000244140625,40.749755859375,102.41778564453125,136.33897399902344,157.79348754882812,113.06694793701172,227.08453369140625,471.2669677734375,139.346435546875,485.9043273925781,242.4734649658203,273.56988525390625
2025-06-10,64.9800033569336,66.87000274658203,2.0880000591278076,1003.0850830078125,99.05000305175781,41.47629928588867,104.61308288574219,138.84764099121094,160.12686157226562,115.59902954101562,228.4443817138672,467.4151306152344,136.91493225097656,483.3727722167969,241.86087036132812,273.6290588378906
2025-06-11,68.1500015258789,69.7699966430664,2.166800022125244,992.638671875,98.62999725341797,42.07606506347656,106.65226745605469,140.23272705078125,162.1156768798828,117.79024505615234,233.25843811035156,447.5188903808594,140.1667938232422,483.03656005859375,243.7183837890625,272.1098327636719
2025-06-12,68.04000091552734,69.36000061035156,2.142899990081787,998.5440673828125,97.91999816894531,42.22234344482422,107.06205749511719,140.41676330566406,162.5193328857422,118.3453598022461,233.2981414794922,459.9368896484375,139.346435546875,491.61029052734375,247.3938751220703,276.154541015625
2025-06-13,72.9800033569336,74.2300033569336,2.22760009765625,986.095947265625,98.18000030517578,42.958641052246094,109.39395141601562,141.32723999023438,163.58262634277344,118.95890045166016,236.5736846923828,476.7752380371094,144.00186157226562,510.9827880859375,253.9148712158203,279.1831359863281
2025-06-16,71.7699966430664,73.2300033569336,2.219899892807007,980.2702026367188,98.0,42.83186340332031,109.74520111083984,141.4434814453125,164.20289611816406,120.39049530029297,231.8787384033203,457.7708740234375,144.762939453125,491.9959716796875,244.8052215576172,275.523193359375
2025-06-17,74.83999633789062,76.44999694824219,2.271899938583374,973.6577758789062,98.81999969482422,43.23170471191406,111.22823333740234,144.17491149902344,167.451904296875,121.28646850585938,234.24111938476562,469.8066101074219,146.75950622558594,498.37432861328125,247.85824584960938,277.5060729980469
2025-06-18,75.13999938964844,76.69999694824219,2.3085999488830566,970.8494873046875,98.91000366210938,42.948890686035156,110.43793487548828,143.53562927246094,164.8330078125,121.55915069580078,233.3179931640625,459.2802429199219,144.1797637939453,489.1578369140625,245.85252380371094,274.7734069824219
2025-06-20,74.93000030517578,77.01000213623047,2.3294999599456787,976.2171020507812,98.70999908447266,43.38774108886719,111.91120910644531,144.85292053222656,166.50672912597656,121.52018737792969,233.20880126953125,461.2012634277344,144.9408416748047,492.17401123046875,246.68247985839844,275.0200500488281
2025-06-23,68.51000213623047,71.4800033569336,2.2181999683380127,1000.306640625,98.41999816894531,42.29053497314453,109.02318572998047,142.24742126464844,164.03553771972656,117.86815643310547,230.80674743652344,463.0634460449219,144.12046813964844,494.12213134765625,248.10525512695312,278.5123291015625
2025-06-24,64.37000274658203,67.13999938964844,2.085700035095215,997.7572631835938,97.86000061035156,41.73997116088867,105.70585632324219,139.04136657714844,162.7359161376953,116.33917236328125,238.1717529296875,451.04730224609375,140.20635986328125,478.6260681152344,243.6986083984375,277.2593994140625
2025-06-25,64.91999816894531,67.68000030517578,2.08240008354187,982.4411010742188,97.68000030517578,41.55808639526367,105.73512268066406,138.73141479492188,163.1297607421875,116.50473022460938,234.56866455078125,449.2733154296875,139.74180603027344,481.5136413574219,244.90402221679688,282.0539245605469
2025-06-26,65.23999786376953,67.7300033569336,2.0989999771118164,978.8262329101562,97.1500015258789,42.15289306640625,107.31573486328125,139.90341186523438,164.9314727783203,117.0306167602539,240.29588317871094,448.79302978515625,141.016845703125,488.1788330078125,243.84683227539062,287.4599914550781
2025-06-27,65.5199966430664,67.7699966430664,2.0897998809814453,981.0469970703125,97.4000015258789,41.93168640136719,106.72056579589844,139.27381896972656,164.82318115234375,116.1346664428711,238.22140502929688,449.46929931640625,142.98377990722656,488.5150451660156,244.024658203125,286.8187255859375
2025-06-30,65.11000061035156,67.61000061035156,2.0797998905181885,985.8270263671875,96.87999725341797,41.6908073425293,105.17898559570312,138.6926727294922,163.5432586669922,116.183349609375,241.71530151367188,453.9288330078125,144.32803344726562,494.42864990234375,247.83847045898438,287.7263488769531
2025-07-01,65.44999694824219,67.11000061035156,2.1003000736236572,981.863525390625,96.81999969482422,42.01033401489258,106.58396911621094,140.9979248046875,167.32391357421875,119.93277740478516,234.2907257080078,456.67315673828125,142.51922607421875,497.9392395019531,249.16244506835938,290.4096374511719
2025-07-02,67.44999694824219,69.11000061035156,2.1229000091552734,978.278564453125,96.77999877929688,42.73295593261719,108.34996795654297,143.3322296142578,171.7642364501953,123.15630340576172,238.4893798828125,453.3505554199219,142.84539794921875,493.36065673828125,250.5259246826172,289.95587158203125
2025-07-03,67.0,68.80000305175781,2.1185998916625977,982.919189453125,97.18000030517578,42.78211212158203,109.47199249267578,143.70997619628906,173.3296661376953,123.9646224975586,237.8441925048828,453.3211364746094,144.0611572265625,498.601806640625,252.6699676513672,292.276123046875
2025-07-04,66.5,68.29000091552734,2.1171000003814697,,,,,,,,,,,,,
2025-07-07,67.93000030517578,69.58000183105469,2.1521999835968018,988.0578002929688,97.4800033569336,42.36919021606445,108.40850830078125,142.7704315185547,173.72348022460938,123.09786987304688,236.79205322265625,459.7310791015625,144.22918701171875,502.2804870605469,253.36158752441406,292.16705322265625
2025-07-08,68.33000183105469,70.1500015258789,2.184999942779541,981.7440795898438,97.51000213623047,43.50965118408203,111.41361236572266,148.42701721191406,177.1497039794922,126.60382080078125,235.02523803710938,453.8014221191406,143.2308807373047,499.2445983886719,254.01368713378906,294.15020751953125
2025-07-09,68.37999725341797,70.19000244140625,2.1879000663757324,978.0097045898438,97.47000122070312,43.2884407043457,111.03311157226562,148.21392822265625,176.49990844726562,127.10049438476562,234.21133422851562,453.8504333496094,144.4861602783203,502.30029296875,255.9502410888672,297.43231201171875
2025-07-10,66.56999969482422,68.63999938964844,2.152400016784668,966.13916015625,97.6500015258789,43.617801666259766,112.1356201171875,149.32778930664062,179.44369506835938,130.87913513183594,232.494140625,455.0755615234375,144.70361328125,508.1644287109375,256.9877014160156,300.823486328125
2025-07-11,68.44999694824219,70.36000061035156,2.187000036239624,966.2985229492188,97.8499984741211,43.81442642211914,112.62346649169922,150.43199157714844,177.08079528808594,128.2691650390625,233.4867401123047,458.2119140625,145.16818237304688,508.8863220214844,256.4442443847656,299.6534423828125
2025-07-14,66.9800033569336,69.20999908447266,2.1654000282287598,976.83447265625,98.08000183105469,43.33268356323242,111.15017700195312,146.88694763183594,172.91615295410156,125.63968658447266,239.74005126953125,464.1513977050781,147.5502471923828,515.3240356445312,259.1712341308594,302.2810974121094
2025-07-15,66.5199966430664,68.70999908447266,2.169600009918213,963.6594848632812,98.62000274658203,42.7083740234375,110.16474151611328,145.9571075439453,172.90631103515625,124.91902160644531,233.58599853515625,460.77001953125,146.9571990966797,511.0816650390625,258.0448913574219,298.3148193359375
2025-07-16,66.37999725341797,68.5199966430664,2.1440000534057617,947.4172973632812,98.38999938964844,42.339691162109375,109.50127410888672,145.21128845214844,169.70651245117188,120.4391860961914,229.79429626464844,462.0931396484375,148.42994689941406,513.9297485351562,260.5050964355469,297.47198486328125
2025-07-17,67.54000091552734,69.5199966430664,2.1703999042510986,949.9467163085938,98.7300033569336,42.6002311706543,108.94513702392578,146.6254425048828,171.4787139892578,121.90974426269531,229.953125,459.8683166503906,149.74452209472656,518.0138549804688,262.33294677734375,297.56121826171875
2025-07-18,67.33999633789062,69.27999877929688,2.15339994430542,946.9990844726562,98.4800033569336,42.25612258911133,105.14971160888672,145.3275146484375,171.5181121826172,122.61093139648438,242.46966552734375,454.73248291015625,149.74452209472656,513.2769775390625,261.6017761230469,296.4606018066406
2025-07-21,67.19999694824219,69.20999908447266,2.1319000720977783,943.6231079101562,97.8499984741211,41.81861877441406,105.42290496826172,144.97882080078125,172.17774963378906,122.75701904296875,224.76187133789062,451.3707275390625,149.8038330078125,509.568603515625,259.9419250488281,294.54681396484375
2025-07-22,66.20999908447266,68.58999633789062,2.101900100708008,937.6978149414062,97.38999938964844,42.01525115966797,105.90098571777344,145.3275146484375,172.54202270507812,122.86414337158203,221.02972412109375,402.57098388671875,147.4415283203125,557.5301513671875,261.2560119628906,295.09222412109375
2025-07-23,65.25,68.51000213623047,2.121299982070923,937.2796020507812,97.20999908447266,42.67396545410156,107.25718688964844,148.31077575683594,174.79664611816406,124.5099868774414,221.63522338867188,411.0489501953125,154.67672729492188,562.1878051757812,266.3739929199219,314.26922607421875
2025-07-24,66.02999877929688,69.18000030517578,2.1041998863220215,929.9202880859375,97.37999725341797,42.9787483215332,108.09628295898438,150.93568420410156,168.66290283203125,121.07221221923828,224.12661743164062,412.18585205078125,153.42141723632812,562.1680908203125,269.95068359375,311.5919494628906
2025-07-25,65.16000366210938,68.44000244140625,2.0969998836517334,931.59326171875,97.6500015258789,42.81652069091797,107.71576690673828,149.9767608642578,168.9188995361328,121.7052230834961,223.69979858398438,412.7935791015625,155.0621795654297,563.4140625,266.05780029296875,311.37384033203125
2025-07-28,66.70999908447266,70.04000091552734,2.135200023651123,930.1094360351562,98.66000366210938,43.30318832397461,108.73048400878906,151.3715362548828,172.09898376464844,124.35417175292969,226.78675842285156,412.9601745605469,154.26156616210938,562.3065795898438,266.2455749511719,310.4615783691406
2025-07-29,69.20999908447266,72.51000213623047,2.218400001525879,930.6870727539062,98.91000366210938,43.72594451904297,110.13546752929688,152.0979766845703,172.71922302246094,125.05536651611328,233.25843811035156,411.77423095703125,155.2993927001953,566.85546875,269.05157470703125,312.0481262207031
2025-07-30,70.0,73.23999786376953,2.2690999507904053,923.6563720703125,99.94000244140625,43.10164260864258,109.1792984008789,148.73695373535156,168.14109802246094,121.1501235961914,231.5611114501953,410.35302734375,156.5645751953125,566.4500122070312,270.8399353027344,309.5493469238281
2025-07-31,69.26000213623047,72.52999877929688,2.21560001373291,935.7360229492188,100.02999877929688,42.870601654052734,108.92562103271484,146.8772735595703,167.56021118164062,120.35154724121094,234.13192749023438,412.6073303222656,155.74420166015625,570.2078247070312,271.5315246582031,308.984130859375
2025-08-01,67.33000183105469,69.66999816894531,2.1185998916625977,949.876708984375,98.69000244140625,42.07423782348633,106.97425079345703,146.64479064941406,162.97222900390625,116.47551727294922,236.5438995361328,412.63671875,154.9929962158203,579.9286499023438,274.9303894042969,308.1214599609375
2025-08-04,66.29000091552734,68.76000213623047,2.1022000312805176,952.71875,98.77999877929688,41.98084259033203,104.75944519042969,146.29611206054688,165.3646697998047,118.28692626953125,240.2164764404297,415.2732238769531,155.556396484375,583.201904296875,274.7327880859375,310.144287109375
2025-08-05,65.16000366210938,67.63999938964844,2.0915000438690186,941.0112915039062,98.77999877929688,42.034915924072266,104.6325912475586,148.23329162597656,166.30982971191406,118.88098907470703,237.8541259765625,419.722900390625,154.5185546875,583.3997802734375,274.890869140625,311.11602783203125
2025-08-06,64.3499984741211,66.88999938964844,2.090399980545044,965.8721313476562,98.18000030517578,41.646568298339844,103.92034912109375,147.98146057128906,159.92996215820312,116.70923614501953,234.16171264648438,426.20147705078125,153.94528198242188,582.7470092773438,273.56689453125,312.33563232421875
2025-08-07,63.880001068115234,66.43000030517578,2.077500104904175,974.7374267578125,98.4000015258789,41.48434829711914,103.37396240234375,148.3495330810547,159.0143280029297,116.183349609375,233.52645874023438,422.1829833984375,153.9551544189453,580.8582153320312,270.53363037109375,310.0947265625
2025-08-08,63.880001068115234,66.58999633789062,2.0861001014709473,978.2576904296875,98.18000030517578,41.74980163574219,104.20330047607422,150.14141845703125,158.35467529296875,116.01779174804688,229.60731506347656,417.1648254394531,153.0655975341797,574.6578369140625,266.4925537109375,311.48291015625
2025-08-11,63.959999084472656,66.62999725341797,2.0766000747680664,985.99609375,98.5199966430664,41.41552734375,103.25688171386719,148.6304168701172,156.1394500732422,115.27764892578125,228.83143615722656,417.7823181152344,153.0063018798828,573.7974853515625,267.08538818359375,312.2761535644531
2025-08-12,63.16999816894531,66.12000274658203,2.074399948120117,988.4991455078125,98.0999984741211,41.6170768737793,103.5495834350586,149.58934020996094,156.6514129638672,116.90401458740234,228.55291748046875,422.97686767578125,153.68829345703125,574.3512573242188,266.9767150878906,311.3639221191406
2025-08-13,62.650001525878906,65.62999725341797,2.0703999996185303,976.133544921875,97.83999633789062,42.098819732666016,104.98384094238281,150.9744110107422,159.23094177246094,119.37767028808594,230.06484985351562,433.7679443359375,153.90576171875,575.6270141601562,266.9866027832031,314.8145751953125
2025-08-14,63.959999084472656,66.83999633789062,2.1092000007629395,972.6831665039062,98.25,42.05949401855469,104.76919555664062,150.28672790527344,159.81182861328125,119.52374267578125,231.3977813720703,428.6223449707031,153.28305053710938,577.2388305664062,267.806640625,313.1784973144531
2025-08-15,62.79999923706055,65.8499984741211,2.072499990463257,969.3424682617188,97.8499984741211,42.05949401855469,104.86766815185547,151.633056640625,159.8314971923828,120.3807601928711,228.92095947265625,428.8575744628906,152.97528076171875,577.4762573242188,267.3126220703125,311.046630859375
2025-08-18,63.41999816894531,66.5999984741211,2.0987000465393066,976.6321411132812,98.16999816894531,41.80879211425781,105.09416961669922,150.4416961669922,160.1564178466797,119.63086700439453,228.72201538085938,431.8763122558594,154.37509155273438,578.3267211914062,268.6662292480469,310.9375305175781
2025-08-19,62.349998474121094,65.79000091552734,2.0889999866485596,978.1279907226562,98.2699966430664,41.82353591918945,105.78350067138672,148.86489868164062,161.83999633789062,120.15211486816406,229.17958068847656,432.3271789550781,152.54840087890625,579.720947265625,268.9725646972656,313.7337646484375
2025-08-20,63.209999084472656,66.83999633789062,2.1282999515533447,991.8099365234375,98.22000122070312,42.17255783081055,106.87659454345703,150.05972290039062,164.16656494140625,121.52899169921875,234.75985717773438,437.12969970703125,155.4571990966797,585.9609375,272.8456115722656,314.8046875
2025-08-21,63.52000045776367,67.66999816894531,2.1596999168395996,966.989013671875,98.62000274658203,42.46258544921875,107.56593322753906,152.3416748046875,163.2953338623047,122.39445495605469,239.33551025390625,438.3058776855469,155.18914794921875,590.5791015625,272.8061218261719,313.8626708984375
2025-08-22,63.65999984741211,67.7300033569336,2.1584999561309814,955.8798828125,97.72000122070312,43.32776641845703,109.5846939086914,154.91741943359375,169.1761016845703,127.79378509521484,236.30165100097656,437.32574462890625,155.1097412109375,585.862060546875,272.47015380859375,316.9167175292969
2025-08-25,64.80000305175781,68.80000305175781,2.1482999324798584,938.967041015625,98.43000030517578,43.44083023071289,110.03768157958984,154.93701171875,170.463134765625,127.3807144165039,238.08218383789062,438.81549072265625,155.13951110839844,580.225341796875,272.8653869628906,317.19439697265625
2025-08-26,63.25,67.22000122070312,2.122299909591675,938.7276611328125,98.2300033569336,43.372013092041016,109.79148864746094,154.11434936523438,171.7798614501953,127.74461364746094,240.3003692626953,446.40155029296875,158.4156494140625,586.4356689453125,274.3375549316406,319.4650573730469
2025-08-27,64.1500015258789,68.05000305175781,2.148900032043457,946.885009765625,98.2300033569336,43.858673095703125,111.03230285644531,155.95556640625,176.11619567871094,130.4295196533203,240.3202667236328,445.4312744140625,158.68368530273438,580.0968017578125,273.4483642578125,322.7174072265625
2025-08-28,64.5999984741211,68.62000274658203,2.1991000175476074,942.337646484375,97.80999755859375,44.19294357299805,111.62316131591797,156.03392028808594,177.51214599609375,130.63604736328125,240.85739135742188,447.10723876953125,159.49777221679688,581.3724975585938,273.7249755859375,322.1720886230469
2025-08-29,64.01000213623047,68.12000274658203,2.1875998973846436,940.7021484375,97.7699966430664,44.43382263183594,112.54883575439453,157.28750610351562,177.91806030273438,131.3736572265625,240.53909301757812,446.56817626953125,157.45266723632812,583.4887084960938,274.29803466796875,321.8349304199219
2025-09-02,65.58999633789062,69.13999938964844,2.042799949645996,936.2147216796875,98.4000015258789,44.49772644042969,112.9427490234375,158.4921417236328,178.35366821289062,131.62936401367188,239.5841827392578,446.73602294921875,156.86691284179688,585.0672607421875,271.82794189453125,321.6564636230469
2025-09-03,63.970001220703125,67.5999984741211,2.01200008392334,947.144287109375,98.13999938964844,43.499820709228516,110.2051010131836,154.79989624023438,177.2151336669922,128.37403869628906,238.12196350097656,443.33984375,156.96621704101562,576.8171997070312,269.8420104980469,320.08978271484375
2025-09-04,63.47999954223633,66.98999786376953,2.009500026702881,953.2472534179688,98.3499984741211,43.789852142333984,110.68762969970703,154.43753051757812,177.19532775878906,129.4066925048828,235.71478271484375,451.0306091308594,157.53207397460938,575.5762329101562,269.7234191894531,319.7228698730469
2025-09-05,61.869998931884766,65.5,1.9642000198364258,960.8062133789062,97.7699966430664,42.9443359375,107.56593322753906,150.49066162109375,178.4823760986328,129.37718200683594,234.5310821533203,457.99078369140625,156.38047790527344,576.6087036132812,270.31890869140625,320.1393127441406
2025-09-08,62.2599983215332,66.0199966430664,1.9586000442504883,969.1529541015625,97.44999694824219,42.84602355957031,108.17647552490234,150.82363891601562,179.38330078125,128.059326171875,232.15374755859375,453.2618103027344,153.10433959960938,577.7008056640625,271.8074951171875,320.0005187988281
2025-09-09,62.630001068115234,66.38999938964844,1.9924999475479126,976.532470703125,97.79000091552734,43.052486419677734,108.96429443359375,151.6561279296875,181.3534393310547,130.10496520996094,233.16835021972656,451.2379455566406,150.65220642089844,567.5048828125,268.6516418457031,318.6222229003906
2025-09-10,63.66999816894531,67.48999786376953,2.007999897003174,953.6361694335938,97.77999877929688,43.80459976196289,110.7861099243164,154.53546142578125,179.87831115722656,129.24932861328125,235.78440856933594,457.9612121582031,153.8787078857422,575.6854248046875,273.544189453125,320.3277282714844
2025-09-11,62.369998931884766,66.37000274658203,1.9793000221252441,961.6438598632812,97.54000091552734,43.81442642211914,110.43159484863281,154.98597717285156,180.49212646484375,130.33116149902344,235.81427001953125,464.73382568359375,156.509521484375,578.7432250976562,278.4962158203125,326.8423767089844
2025-09-12,62.689998626708984,66.98999786376953,1.9853999614715576,965.2140502929688,97.55000305175781,43.55389404296875,110.4512939453125,153.8695068359375,178.4823760986328,128.61990356445312,234.8394317626953,465.3064270019531,154.72256469726562,571.8036499023438,277.0771179199219,323.401611328125
2025-09-15,63.29999923706055,67.44000244140625,2.013400077819824,957.4356079101562,97.30000305175781,43.40642166137695,110.63838958740234,154.06536865234375,178.14576721191406,129.01329040527344,231.58677673339844,467.2217102050781,157.2243194580078,570.3939208984375,279.7466735839844,324.2246398925781
2025-09-16,64.5199966430664,68.47000122070312,2.041599988937378,949.4279174804688,96.62999725341797,44.13395309448242,112.93289947509766,156.24937438964844,181.16534423828125,130.84255981445312,233.65573120117188,468.278076171875,157.43280029296875,575.1791381835938,282.1085205078125,323.6495056152344
2025-09-17,64.05000305175781,67.94999694824219,2.028700113296509,960.3574829101562,96.87000274658203,44.237186431884766,113.53360748291016,156.7880401611328,182.83848571777344,130.94093322753906,234.0735321044922,467.0933532714844,157.1647491455078,572.9155883789062,279.7168884277344,322.5389404296875
2025-09-18,63.56999969482422,67.44000244140625,2.011399984359741,949.717041015625,97.3499984741211,44.099544525146484,112.19432067871094,155.5637969970703,183.1850128173828,129.1804962158203,233.0987091064453,467.58697509765625,157.04562377929688,569.609619140625,280.5802917480469,321.8349304199219
2025-09-19,62.68000030517578,66.68000030517578,1.9707000255584717,948.5203857421875,97.63999938964844,43.514564514160156,111.10123443603516,152.98806762695312,183.6107177734375,127.57740783691406,230.2737579345703,466.9156494140625,157.0952606201172,568.8948364257812,281.78106689453125,321.3490295410156
2025-09-22,62.63999938964844,66.56999969482422,1.9781999588012695,940.6423950195312,97.33000183105469,43.46449279785156,110.31341552734375,152.83135986328125,185.38287353515625,127.4299087524414,229.5774688720703,474.2707824707031,158.27664184570312,571.9923095703125,282.158203125,319.9410400390625
2025-09-23,63.40999984741211,67.62999725341797,1.9990999698638916,940.9813842773438,97.26000213623047,44.213111877441406,112.21401977539062,154.173095703125,188.96676635742188,130.09512329101562,233.6656951904297,480.47076416015625,159.3786163330078,572.9155883789062,284.0139465332031,320.47650146484375
2025-09-24,64.98999786376953,69.30999755859375,2.0188000202178955,942.6467895507812,97.87000274658203,44.7882080078125,112.8147201538086,155.89678955078125,191.17454528808594,134.3339385986328,235.356689453125,480.0561218261719,160.21255493164062,582.0392456054688,281.8406066894531,320.8929443359375
2025-09-25,64.9800033569336,69.41999816894531,2.00219988822937,940.6921997070312,98.55000305175781,45.189788818359375,113.82903289794922,157.40504455566406,194.48123168945312,136.78280639648438,236.36134338378906,478.1704406738281,159.3488311767578,581.5428466796875,287.0407409667969,321.69610595703125
2025-09-26,65.72000122070312,70.12999725341797,2.037600040435791,913.4081420898438,98.1500015258789,45.60623550415039,115.4342041015625,156.85659790039062,196.70880126953125,137.1565399169922,237.1670379638672,481.23095703125,162.16830444335938,590.229736328125,291.3279113769531,327.5563049316406
2025-09-29,63.45000076293945,67.97000122070312,1.9951000213623047,914.3256225585938,97.91000366210938,44.76837921142578,112.47991180419922,152.88034057617188,194.5109405517578,135.29776000976562,234.21278381347656,485.713134765625,162.44627380371094,589.7034912109375,294.692138671875,329.37091064453125
2025-09-30,62.369998931884766,67.0199966430664,1.9729000329971313,923.061279296875,97.7699966430664,44.29243469238281,111.03230285644531,152.08702087402344,190.81813049316406,133.7733612060547,233.73532104492188,492.85101318359375,166.1195068359375,604.9229736328125,303.08782958984375,338.1264953613281
2025-10-01,61.779998779296875,65.3499984741211,1.8859000205993652,914.7943115234375,97.70999908447266,44.29243469238281,110.28387451171875,151.3916778564453,190.39242553710938,132.36697387695312,230.88052368164062,492.6437072753906,165.9904327392578,601.0510864257812,298.1853942871094,337.8785705566406
2025-10-02,60.47999954223633,64.11000061035156,1.8509999513626099,914.2258911132812,97.8499984741211,43.84624099731445,109.59454345703125,150.20663452148438,190.3231201171875,132.71119689941406,230.5622100830078,492.9991149902344,165.424560546875,600.64404296875,293.8486022949219,338.1760559082031
2025-10-03,60.880001068115234,64.52999877929688,1.8604999780654907,912.8397216796875,97.72000122070312,44.079254150390625,111.53453826904297,150.3829345703125,191.21412658691406,130.8130645751953,231.04962158203125,498.0637512207031,165.3749237060547,605.1412963867188,295.1288146972656,340.7243957519531
2025-10-06,61.689998626708984,65.47000122070312,1.9016000032424927,908.4120483398438,98.11000061035156,44.297393798828125,112.46021270751953,150.84323120117188,191.59034729003906,130.72454833984375,232.02442932128906,507.6895751953125,167.57887268066406,614.0565185546875,300.7060852050781,343.58013916015625
2025-10-07,61.72999954223633,65.44999694824219,1.8939000368118286,912.2613525390625,98.58000183105469,44.36680221557617,112.51929473876953,151.71487426757812,189.6300811767578,130.1836395263672,234.09341430664062,504.5599670410156,168.04547119140625,617.1441040039062,299.1380920410156,340.5360107421875
2025-10-08,62.54999923706055,66.25,1.909500002861023,912.2613525390625,98.8499984741211,44.10900115966797,112.28295135498047,150.5690155029297,186.8283233642578,129.13131713867188,234.49130249023438,507.4723815917969,167.3505401611328,633.3463134765625,304.42755126953125,343.5206604003906
2025-10-09,61.5099983215332,65.22000122070312,1.882599949836731,940.2733764648438,99.54000091552734,43.50911331176758,111.18987274169922,148.51231384277344,185.6897735595703,128.92477416992188,230.15440368652344,501.2921447753906,161.0067596435547,630.4275512695312,295.9326477050781,339.8815612792969
2025-10-10,58.900001525878906,62.72999954223633,1.8203999996185303,927.4291381835938,98.9800033569336,42.249847412109375,109.04307556152344,145.82884216308594,179.08628845214844,124.66630554199219,226.16563415527344,498.61663818359375,156.5591583251953,618.9906005859375,290.1171875,331.58544921875
2025-10-13,59.4900016784668,63.31999969482422,1.8437999486923218,932.9636840820312,99.2699966430664,42.82494354248047,110.53006744384766,148.80613708496094,181.5712432861328,127.64624786376953,225.79759216308594,497.41217041015625,157.70086669921875,614.4138793945312,291.1889953613281,333.0295715332031
2025-10-14,58.70000076293945,62.38999938964844,1.8286000490188599,943.8833618164062,99.05000305175781,42.81998825073242,110.57930755615234,149.24684143066406,181.29405212402344,128.6789093017578,225.021728515625,498.7449951171875,158.2468719482422,622.4058227539062,297.7090148925781,334.1350402832031
2025-10-15,58.27000045776367,61.90999984741211,1.8344000577926636,952.3397827148438,98.79000091552734,42.79520034790039,109.90966796875,148.97262573242188,181.99697875976562,127.4299087524414,224.03697204589844,493.0484924316406,155.86422729492188,604.5357055664062,287.51708984375,330.6891174316406
2025-10-16,57.459999084472656,61.060001373291016,1.8116999864578247,923.05126953125,98.38999938964844,42.27959442138672,108.95445251464844,148.58087158203125,179.34368896484375,126.23987579345703,218.90431213378906,486.9669494628906,155.91387939453125,594.657470703125,282.12841796875,329.2450256347656
2025-10-17,57.540000915527344,61.290000915527344,1.8377000093460083,933.7315673828125,98.43000030517578,42.62663650512695,110.53006744384766,149.92262268066406,182.63059997558594,127.13484954833984,217.80018615722656,488.8427429199219,156.80735778808594,590.2098999023438,281.71160888671875,329.802734375
2025-10-20,57.52000045776367,61.0099983215332,1.830199956893921,933.5121459960938,98.58999633789062,43.077789306640625,110.9830551147461,151.29373168945312,184.41265869140625,128.18716430664062,220.14768981933594,499.455810546875,159.5474090576172,597.6557006835938,288.3507385253906,335.81817626953125
2025-10-21,57.81999969482422,61.31999969482422,1.8252999782562256,934.8983154296875,98.93000030517578,42.9786376953125,110.99291229248047,150.6179656982422,181.04653930664062,126.47592163085938,221.04290771484375,483.26470947265625,171.78819274902344,595.0248413085938,290.0774841308594,339.3039245605469
2025-10-22,58.5,62.59000015258789,1.8650000095367432,942.0584106445312,98.9000015258789,43.52894592285156,112.96244049072266,152.36126708984375,186.66000366210938,129.2296600341797,223.27105712890625,480.9347839355469,176.6924591064453,592.175537109375,286.7728271484375,336.8638916015625
2025-10-23,61.790000915527344,65.98999786376953,1.926900029182434,939.4357299804688,98.94000244140625,44.10900115966797,114.21309661865234,153.33084106445312,194.0060272216797,133.5668182373047,220.3665008544922,481.8331604003906,178.1418914794922,601.3687744140625,291.050048828125,340.1106262207031
2025-10-24,61.5,65.94000244140625,1.922700047492981,929.55322265625,98.94999694824219,43.662803649902344,113.632080078125,152.35147094726562,194.263427734375,132.75051879882812,218.4268341064453,479.226806640625,177.35760498046875,601.2098999023438,290.9706726074219,349.3428955078125
2025-10-27,61.310001373291016,65.62000274658203,1.9204000234603882,927.26953125,98.77999877929688,43.76691436767578,114.1737060546875,152.07723999023438,194.27333068847656,133.18325805664062,218.63572692871094,480.70770263671875,177.94334411621094,591.6494140625,288.92633056640625,352.3306884765625
2025-10-28,60.150001525878906,64.4000015258789,1.9251999855041504,921.5953369140625,98.69000244140625,43.3108024597168,113.2775650024414,150.9509735107422,190.2934112548828,131.4523468017578,214.85586547851562,479.58221435546875,177.37747192382812,590.755859375,285.1949157714844,345.2695617675781
2025-10-29,60.47999954223633,64.91999816894531,1.9737000465393066,909.887939453125,99.22000122070312,43.633056640625,114.6759262084961,151.90097045898438,193.79812622070312,135.7206573486328,210.01165771484375,479.1478271484375,175.0841827392578,580.7684936523438,284.68878173828125,342.08258056640625
2025-10-30,60.56999969482422,65.0,2.0034000873565674,917.6264038085938,99.52999877929688,43.37525177001953,112.9427490234375,150.35354614257812,193.6793212890625,134.8060302734375,210.39959716796875,483.4819030761719,176.1365203857422,574.424560546875,293.650146484375,343.2577819824219
2025-10-31,60.97999954223633,65.06999969482422,1.9931000471115112,910.20654296875,99.80000305175781,43.69254684448242,112.6177749633789,154.4669189453125,192.96649169921875,133.89137268066406,210.87704467773438,485.6144104003906,177.2086944580078,579.2396240234375,286.9018249511719,343.4967956542969
2025-11-03,61.04999923706055,64.88999938964844,1.916100025177002,926.7738647460938,99.87000274658203,43.697505950927734,112.02691650390625,150.86280822753906,193.83770751953125,135.6419677734375,208.4997100830078,481.724609375,175.75926208496094,571.257568359375,286.39569091796875,340.4791259765625
2025-11-04,60.560001373291016,64.44000244140625,1.9227999448776245,939.45654296875,100.22000122070312,43.226524353027344,112.401123046875,150.22621154785156,181.9474639892578,133.5078125,205.6548614501953,478.8022766113281,174.33961486816406,572.9751586914062,288.9064636230469,342.0726013183594
2025-11-05,59.599998474121094,63.52000045776367,1.9092999696731567,933.75439453125,100.19999694824219,43.34054946899414,111.94813537597656,149.51129150390625,184.3235321044922,133.68484497070312,204.54080200195312,467.1131286621094,172.7412567138672,566.383056640625,284.9170227050781,341.514892578125
2025-11-06,59.43000030517578,63.380001068115234,1.9656000137329102,922.3200073242188,99.7300033569336,43.76195526123047,112.75564575195312,149.78550720214844,190.79833984375,135.91734313964844,206.92807006835938,462.9468994140625,173.8332977294922,567.8325805664062,282.85284423828125,338.9154968261719
2025-11-07,59.75,63.630001068115234,1.9402999877929688,921.4810791015625,99.5999984741211,44.3915901184082,115.4342041015625,151.82261657714844,191.8279571533203,135.6714630126953,207.35195922851562,452.51153564453125,175.6897735595703,564.5067138671875,288.4499816894531,344.9309387207031
2025-11-10,60.130001068115234,64.05999755859375,1.9710999727249146,914.3109130859375,99.62000274658203,44.79316711425781,116.4189682006836,152.43960571289062,194.40203857421875,136.3599090576172,210.99234008789062,446.34112548828125,177.73486328125,558.9172973632812,294.74176025390625,348.068115234375
2025-11-11,61.040000915527344,65.16000366210938,2.01200008392334,912.6132202148438,99.45999908447266,45.37818145751953,117.9552001953125,153.01744079589844,198.1344451904297,138.52359008789062,211.44114685058594,451.2478332519531,177.92349243164062,562.6502075195312,299.38616943359375,350.9862060546875
2025-11-12,58.4900016784668,62.709999084472656,1.955399990081787,912.7530517578125,99.4800033569336,44.74359130859375,116.32049560546875,150.1576690673828,194.9366455078125,135.74032592773438,212.98707580566406,451.21820068359375,176.40455627441406,554.5391235351562,297.9571228027344,348.0282897949219
2025-11-13,58.689998626708984,63.0099983215332,1.9596999883651733,923.8179321289062,99.18000030517578,44.85762023925781,116.98028564453125,152.3710479736328,192.63978576660156,137.1958770751953,212.73773193359375,450.0433654785156,172.7015380859375,553.9732666015625,286.1773681640625,342.66021728515625
2025-11-14,60.09000015258789,64.38999938964844,2.0116000175476074,921.7207641601562,99.2699966430664,45.62110900878906,118.50015258789062,154.3689727783203,197.98593139648438,139.96929931640625,214.62274169921875,459.8370056152344,174.29989624023438,553.9732666015625,287.18963623046875,342.84942626953125
2025-11-17,59.90999984741211,64.19999694824219,1.9901000261306763,911.344970703125,99.58999633789062,44.7882080078125,116.90081024169922,151.62672424316406,194.01593017578125,135.53573608398438,214.6427001953125,464.7831726074219,174.35946655273438,558.9669799804688,286.69134521484375,340.3894958496094
2025-11-18,60.7400016784668,64.88999938964844,1.9993000030517578,893.85888671875,99.55000305175781,45.145164489746094,118.24187469482422,152.1317901611328,197.61962890625,137.28140258789062,211.8999481201172,468.6730041503906,173.45603942871094,562.6700439453125,284.44915771484375,339.9014892578125
2025-11-19,59.439998626708984,63.5099983215332,1.9321000576019287,889.3849487304688,100.2300033569336,44.56015396118164,116.572998046875,150.2303924560547,194.5450439453125,133.3933563232422,209.0674285888672,463.92425537109375,172.51290893554688,560.9227294921875,284.25982666015625,341.6642761230469
2025-11-20,59.13999938964844,63.380001068115234,1.9184000492095947,892.0712890625,100.16000366210938,44.054466247558594,116.24517822265625,148.85385131835938,186.9331817626953,130.9137420654297,207.62124633789062,462.2952880859375,171.48043823242188,563.2557983398438,283.2333984375,338.05902099609375
2025-11-21,58.060001373291016,62.560001373291016,1.8833999633789062,897.7835083007812,100.18000030517578,44.332096099853516,116.3047866821289,148.5270538330078,189.66946411132812,132.629638671875,204.95828247070312,454.9105529785156,169.11827087402344,562.6104736328125,276.8157653808594,338.9553527832031
2025-11-24,58.84000015258789,63.369998931884766,1.8966000080108643,884.9110717773438,100.13999938964844,44.208152770996094,115.20213317871094,148.29928588867188,189.23165893554688,132.11387634277344,204.04071044921875,445.31439208984375,172.63661193847656,561.4786987304688,274.4440002441406,336.75433349609375
2025-11-25,57.95000076293945,62.47999954223633,1.857200026512146,893.10986328125,99.66000366210938,43.93052291870117,113.75180053710938,147.09109497070312,189.0525665283203,133.0363006591797,204.36984252929688,446.64715576171875,171.58010864257812,565.3108520507812,275.37078857421875,339.682373046875
2025-11-26,58.650001525878906,63.130001068115234,1.8890000581741333,907.0208740234375,99.5999984741211,44.26268768310547,114.01007843017578,148.0615997314453,190.7838897705078,133.85952758789062,205.2475128173828,448.3748779296875,172.61666870117188,563.0174560546875,275.18145751953125,338.6565856933594
2025-11-28,58.54999923706055,63.20000076293945,1.895900011062622,912.3436279296875,99.45999908447266,44.842742919921875,115.1524658203125,149.66592407226562,192.7639617919922,135.8432159423828,207.91049194335938,452.0277404785156,174.3309783935547,568.1204833984375,277.72259521484375,340.2401123046875
2025-12-01,59.31999969482422,63.16999816894531,1.868899941444397,910.7158203125,99.41000366210938,45.27406692504883,115.8577651977539,151.06224060058594,195.1619415283203,138.62037658691406,210.13461303710938,436.8875427246094,167.4637908935547,543.7684326171875,271.3747253417969,331.0277404785156
2025-12-02,58.63999938964844,62.45000076293945,1.830299973487854,920.7720947265625,99.36000061035156,44.689056396484375,114.61603546142578,148.79443359375,191.7390899658203,136.4482421875,208.7283172607422,439.5037536621094,168.24119567871094,545.2237548828125,273.01898193359375,334.4338073730469
2025-12-03,58.95000076293945,62.66999816894531,1.8272000551223755,921.0017700195312,98.8499984741211,45.526912689208984,117.02001953125,150.1214599609375,188.4853973388672,138.70965576171875,207.91049194335938,444.4576416015625,167.89234924316406,551.5535278320312,276.77587890625,336.70452880859375
2025-12-04,59.66999816894531,63.2599983215332,1.8271000385284424,894.6377563476562,98.98999786376953,45.72026443481445,116.36438751220703,150.7849578857422,189.20181274414062,138.2831573486328,207.35195922851562,445.99951171875,170.74288940429688,551.2344970703125,279.5362854003906,340.309814453125
2025-12-05,60.08000183105469,63.75,1.8341000080108643,893.4594116210938,98.98999786376953,45.53186798095703,115.76836395263672,148.54685974121094,189.5799102783203,138.22364807128906,205.1477813720703,449.829345703125,170.53358459472656,547.2173461914062,277.53326416015625,335.93768310546875
2025-12-08,58.880001068115234,62.4900016784668,1.7980999946594238,886.3092041015625,99.08999633789062,45.036094665527344,115.21207427978516,147.2693634033203,188.71426391601562,137.92608642578125,200.2706756591797,462.94024658203125,170.9521942138672,551.792724609375,280.67230224609375,334.6429748535156
2025-12-09,58.25,61.939998626708984,1.7897000312805176,887.2279052734375,99.22000122070312,45.3137321472168,117.467041015625,147.05149841308594,189.77891540527344,138.73941040039062,198.1961669921875,464.44232177734375,171.36082458496094,548.8720703125,276.40716552734375,332.9100341796875
2025-12-10,58.459999084472656,62.209999084472656,1.781499981880188,873.217041015625,98.79000091552734,45.7896728515625,118.74849700927734,149.94320678710938,190.34608459472656,142.63735961914062,192.40147399902344,465.48681640625,174.1416015625,553.5869750976562,284.9474182128906,340.8376770019531
2025-12-11,57.599998474121094,61.279998779296875,1.7597999572753906,883.2733154296875,98.3499984741211,45.571533203125,118.74849700927734,149.2598876953125,186.17697143554688,142.2604522705078,191.09494018554688,472.39044189453125,176.83265686035156,558.2520141601562,288.85382080078125,340.0907287597656
2025-12-12,57.439998626708984,61.119998931884766,1.7520999908447266,883.2633056640625,98.4000015258789,45.125335693359375,118.03326416015625,148.53695678710938,184.84365844726562,140.28668212890625,188.86083984375,477.7322692871094,178.0685577392578,567.9410400390625,285.9539489746094,336.116943359375
2025-12-15,56.81999969482422,60.560001373291016,1.732300043106079,859.3859252929688,98.1500015258789,44.808040618896484,116.98028564453125,148.3488006591797,184.58494567871094,140.35610961914062,188.3322296142578,481.88043212890625,181.50714111328125,573.9517211914062,287.5284423828125,339.3039245605469
2025-12-16,55.27000045776367,58.91999816894531,1.680899977684021,859.2161865234375,98.1500015258789,43.43970489501953,113.9206771850586,145.32833862304688,175.90843200683594,130.70545959472656,188.78103637695312,474.5589904785156,179.3343505859375,566.904296875,281.8681640625,336.116943359375
2025-12-17,55.939998626708984,59.68000030517578,1.6943000555038452,861.47314453125,98.37000274658203,44.40150451660156,116.63260650634766,148.07151794433594,173.62985229492188,130.9137420654297,189.84823608398438,472.3009033203125,176.61338806152344,562.3887939453125,277.75250244140625,335.0413513183594
2025-12-18,56.150001525878906,59.81999969482422,1.701300024986267,856.4200439453125,98.43000030517578,43.75699996948242,115.76836395263672,146.25924682617188,167.27171325683594,128.0770721435547,189.34954833984375,467.67529296875,177.69976806640625,557.7337036132812,281.7386169433594,335.9675598144531
2025-12-19,56.65999984741211,60.470001220703125,1.7081999778747559,854.4526977539062,98.5999984741211,43.75699996948242,115.91736602783203,146.3186492919922,167.48068237304688,127.83901977539062,189.259765625,471.6443786621094,181.40745544433594,566.6452026367188,286.45220947265625,337.97930908203125
2025-12-22,58.0099983215332,62.06999969482422,1.7422000169754028,848.84033203125,98.29000091552734,44.209999084472656,117.3676986694336,148.3488006591797,163.94837951660156,127.9382095336914,188.8708038330078,481.0348815917969,185.0653076171875,582.7933959960938,294.0756530761719,343.7856140136719
2025-12-23,58.380001068115234,62.380001068115234,1.7431999444961548,853.623779296875,97.94000244140625,44.5,118.62928771972656,149.05191040039062,165.5702362060547,128.067138671875,191.1946563720703,480.02020263671875,185.14505004882812,578.2081298828125,296.796142578125,342.44110107421875
2025-12-24,58.349998474121094,62.2400016784668,1.7470999956130981,870.6705322265625,97.9800033569336,44.369998931884766,118.43061828613281,149.04202270507812,164.90357971191406,127.3629379272461,189.82827758789062,483.20343017578125,185.76300048828125,580.4907836914062,297.1051025390625,343.9848327636719
2025-12-26,56.7400016784668,60.63999938964844,1.697100043296814,872.158447265625,98.0199966430664,44.20000076293945,118.32134246826172,148.56666564941406,162.87376403808594,126.70831298828125,188.8109588623047,480.4977111816406,184.5570068359375,575.5267333984375,295.7398376464844,340.80780029296875
2025-12-29,58.08000183105469,61.939998626708984,1.7151999473571777,866.6560668945312,98.04000091552734,44.619998931884766,119.73194122314453,149.5272674560547,162.78421020507812,127.54145812988281,192.09230041503906,486.30706787109375,183.8094940185547,575.9354248046875,294.9027404785156,339.09478759765625
2025-12-30,57.95000076293945,61.91999816894531,1.7209999561309814,864.4690551757812,98.23999786376953,44.959999084472656,120.18889617919922,150.83447265625,163.00311279296875,128.50355529785156,192.93008422851562,485.441650390625,183.4008331298828,572.7356567382812,294.4443359375,338.0888977050781
2025-12-31,57.41999816894531,60.849998474121094,1.705399990081787,861.16357421875,98.27999877929688,44.709999084472656,119.54319763183594,150.9335174560547,161.8190460205078,127.98778533935547,193.87757873535156,481.1343688964844,182.79286193847656,568.3895874023438,292.55096435546875,335.2903137207031
2026-01-02,57.31999969482422,60.75,1.698199987411499,853.334228515625,98.41999816894531,45.650001525878906,121.83790588378906,154.3896942138672,164.3165283203125,129.5053253173828,197.27859497070312,494.464111328125,186.630126953125,583.7902221679688,303.423095703125,342.0028991699219
2026-01-05,58.31999969482422,61.7599983215332,1.7200000286102295,874.5452270507812,98.2699966430664,46.88999938964844,124.52996063232422,162.2626953125,174.06765747070312,138.83859252929688,198.1961669921875,508.8880920410156,187.6367645263672,609.3683471679688,310.29913330078125,354.1134338378906
2026-01-06,57.130001068115234,60.70000076293945,1.700600028038025,887.886962890625,98.58000183105469,45.63999938964844,120.24850463867188,155.02349853515625,169.5701904296875,135.53573608398438,194.07704162597656,519.3031616210938,189.76968383789062,608.6605834960938,313.3783874511719,359.2424621582031
2026-01-07,55.9900016784668,59.959999084472656,1.6944999694824219,881.3759155273438,98.68000030517578,45.130001068115234,117.7054443359375,153.6964874267578,171.64976501464844,136.75572204589844,195.5531463623047,494.26513671875,185.11514282226562,575.1679077148438,308.68475341796875,344.2337951660156
2026-01-08,57.7599983215332,61.9900016784668,1.7603000402450562,914.0612182617188,98.93000030517578,46.54999923706055,122.09618377685547,157.70724487304688,176.18704223632812,143.0440216064453,195.9820098876953,515.7220458984375,186.55038452148438,588.9038696289062,324.6092529296875,350.01019287109375
2026-01-09,59.119998931884766,63.34000015258789,1.7805999517440796,923.6182250976562,99.12999725341797,46.66999816894531,123.78492736816406,160.53955078125,175.29151916503906,141.00082397460938,193.66812133789062,540.07373046875,187.8759765625,616.8444213867188,334.60443115234375,352.4502258300781
2026-01-12,59.5,63.869998931884766,1.7937999963760376,941.7933959960938,98.86000061035156,46.34000015258789,123.2087631225586,160.76730346679688,174.66465759277344,137.71780395507812,192.93008422851562,548.35009765625,193.20828247070312,627.3108520507812,339.4974060058594,359.4715270996094
2026-01-13,61.150001525878906,65.47000122070312,1.8265000581741333,940.6448974609375,99.12999725341797,47.0,125.7021484375,162.28248596191406,174.97312927246094,136.57717895507812,193.17942810058594,555.3731079101562,193.43751525878906,623.5030517578125,340.0554504394531,361.8219299316406
2026-01-14,62.02000045776367,66.5199966430664,1.830399990081787,949.6825561523438,99.12999725341797,48.060001373291016,129.33790588378906,165.61985778808594,180.18698120117188,140.23709106445312,199.1935272216797,569.6976318359375,198.18174743652344,651.0548095703125,341.6598815917969,364.5109558105469
2026-01-15,59.189998626708984,63.7599983215332,1.7838000059127808,955.4447021484375,99.31999969482422,47.61000061035156,128.27500915527344,164.55030822753906,176.70443725585938,138.86834716796875,202.20556640625,574.8604125976562,199.16847229003906,652.5201416015625,339.23834228515625,367.19000244140625
2026-01-16,59.439998626708984,64.12999725341797,1.7851999998092651,962.2953491210938,99.38999938964844,47.689998626708984,129.02996826171875,164.6493377685547,174.7542266845703,137.15245056152344,206.15512084960938,579.3765869140625,201.25155639648438,664.7709350585938,345.2573547363281,367.3800048828125
2026-01-20,60.34000015258789,64.91999816894531,1.823799967765808,962.9444580078125,98.63999938964844,47.599998474121094,129.59620666503906,163.69863891601562,174.00796508789062,137.3408966064453,202.5047607421875,573.0399780273438,195.7099609375,655.2015380859375,341.14166259765625,359.1700134277344
2026-01-21,60.619998931884766,65.23999786376953,1.8573999404907227,981.5191040039062,98.76000213623047,48.75,132.725341796875,165.11477661132812,176.59498596191406,140.48504638671875,206.7535400390625,583.1566772460938,196.84619140625,662.0396118164062,346.6026611328125,364.7799987792969
2026-01-22,59.36000061035156,64.05999755859375,1.817199945449829,974.8381958007812,98.36000061035156,48.90999984741211,132.75514221191406,165.04547119140625,174.88356018066406,140.77267456054688,206.244873046875,590.79638671875,195.6900177001953,668.2996215820312,354.5151062011719,365.8299865722656
2026-01-23,61.06999969482422,65.87999725341797,1.8509999513626099,981.9085693359375,97.5999984741211,49.189998626708984,134.0763397216797,165.10488891601562,174.50546264648438,140.3858642578125,206.8034210205078,587.7225952148438,195.2813720703125,670.8015747070312,353.4986572265625,363.2699890136719
2026-01-26,60.630001068115234,65.58999633789062,1.820099949836731,976.336181640625,97.04000091552734,49.220001220703125,133.9471893310547,165.8773193359375,171.6796112060547,139.2452392578125,205.9656219482422,578.610595703125,193.4873504638672,658.8598022460938,352.9704895019531,363.5400085449219
2026-01-27,62.38999938964844,67.56999969482422,1.8652000427246094,968.956298828125,96.22000122070312,49.66999816894531,135.92401123046875,167.4123077392578,170.93336486816406,138.86834716796875,205.18768310546875,591.8309936523438,200.61367797851562,676.5730590820312,359.2884826660156,366.6199951171875
2026-01-28,63.209999084472656,68.4000015258789,1.892300009727478,959.46923828125,96.44999694824219,50.04999923706055,136.66905212402344,168.28378295898438,171.1522674560547,140.9214630126953,207.4915771484375,594.1387939453125,198.79971313476562,686.929931640625,359.0492858886719,356.67999267578125
2026-01-29,65.41999816894531,70.70999908447266,1.9199999570846558,951.5899658203125,96.27999877929688,50.5099983215332,139.57965087890625,169.53158569335938,174.86367797851562,142.90516662597656,212.4285430908203,619.2464599609375,199.2183074951172,693.1300659179688,354.7841491699219,349.95001220703125
2026-01-30,65.20999908447266,70.69000244140625,1.9227999448776245,940.25,96.98999786376953,51.04999923706055,140.4637451171875,175.18626403808594,175.31143188476562,142.38938903808594,210.96241760253906,630.8950805664062,200.26483154296875,690.0499267578125,341.6598815917969,351.0899963378906
2026-02-02,62.13999938964844,66.30000305175781,1.8514000177383423,968.3599853515625,97.61000061035156,50.04999923706055,137.48361206054688,172.3440704345703,176.02783203125,141.08016967773438,207.2123260498047,632.665771484375,200.42430114746094,682.8330688476562,339.0589294433594,346.3699951171875
2026-02-03,63.209999084472656,67.33000183105469,1.8978999853134155,977.9199829101562,97.44000244140625,51.66999816894531,142.7783203125,176.31521606445312,186.64462280273438,146.88246154785156,210.40390014648438,624.9663696289062,202.82632446289062,702.7293090820312,350.349609375,355.30999755859375
2026-02-04,65.13999938964844,69.45999908447266,1.9651999473571777,978.3499755859375,97.62000274658203,52.83000183105469,146.61276245117188,179.47430419921875,194.9430389404297,153.42864990234375,213.29624938964844,599.6000366210938,196.08871459960938,687.5479125976562,337.89300537109375,353.3699951171875
2026-02-05,63.290000915527344,67.55000305175781,1.9265999794006348,989.2899780273438,97.81999969482422,52.209999084472656,145.11277770996094,177.49368286132812,194.85348510742188,153.17076110839844,209.98500061035156,605.986328125,195.32125854492188,694.2763671875,341.0320739746094,352.04998779296875
2026-02-06,63.54999923706055,68.05000305175781,1.9531999826431274,1001.1599731445312,97.62999725341797,53.25,148.0631103515625,179.10789489746094,201.98773193359375,156.51329040527344,213.11000061035156,620.3108520507812,198.00234985351562,706.8461303710938,348.4462585449219,360.07000732421875
2026-02-09,64.36000061035156,69.04000091552734,1.9854999780654907,997.5900268554688,96.81999969482422,53.63999938964844,150.20880126953125,180.8310546875,203.24143981933594,156.21572875976562,215.64999389648438,634.9437255859375,195.54052734375,695.7915649414062,349.38299560546875,360.1000061035156
2026-02-10,63.959999084472656,68.80000305175781,1.9592000246047974,971.22998046875,96.80000305175781,53.58000183105469,150.58628845214844,180.4943389892578,203.13198852539062,156.02728271484375,218.3699951171875,626.259521484375,194.54383850097656,682.8131103515625,343.8821105957031,358.8299865722656
2026-02-11,64.62999725341797,69.4000015258789,1.9788999557495117,978.1400146484375,96.83000183105469,54.97999954223633,154.52999877929688,184.0198516845703,207.599609375,160.18312072753906,219.41000366210938,625.404052734375,195.85946655273438,676.662841796875,339.1087646484375,346.3399963378906
2026-02-12,62.84000015258789,67.5199966430664,1.9158999919891357,998.8599853515625,96.93000030517578,53.97999954223633,149.92999267578125,180.6329803466797,197.03257751464844,154.98583984375,217.69000244140625,634.0882568359375,200.47413635253906,692.8410034179688,338.7201232910156,340.75
2026-02-13,62.88999938964844,67.75,1.9110000133514404,1018.47998046875,96.87999725341797,54.349998474121094,148.4499969482422,181.9600067138672,202.24642944335938,158.46722412109375,220.7899932861328,649.1588745117188,199.397705078125,700.3270263671875,344.3006896972656,347.6400146484375
2026-02-17,62.33000183105469,67.41999816894531,1.9143999814987183,1012.0499877929688,97.16000366210938,53.75,146.19000244140625,180.5500030517578,199.5399932861328,156.87034606933594,219.00999450683594,646.174560546875,202.82632446289062,698.8816528320312,345.38690185546875,342.5199890136719
2026-02-18,65.19000244140625,70.3499984741211,1.968000054359436,996.0800170898438,97.69999694824219,54.779998779296875,150.67999267578125,183.8699951171875,199.57000732421875,156.11654663085938,223.72000122070312,646.4033813476562,204.13198852539062,722.5159912109375,350.897705078125,349.489990234375
2026-02-19,66.43000030517578,71.66000366210938,2.0065999031066895,987.8200073242188,97.93000030517578,55.18000030517578,150.97000122070312,184.77999877929688,196.47000122070312,154.1427764892578,226.19000244140625,663.0158081054688,204.73001098632812,734.5175170898438,357.4548645019531,354.3399963378906
2026-02-20,66.38999938964844,71.76000213623047,1.9973000288009644,985.27001953125,97.80000305175781,54.880001068115234,147.27999877929688,183.92999267578125,196.75999450683594,154.47999572753906,226.47000122070312,654.80908203125,204.9199981689453,721.25,354.90374755859375,351.4200134277344
2026-02-23,66.30999755859375,71.48999786376953,1.9891999959945679,986.02001953125,97.69999694824219,55.150001525878906,150.75999450683594,184.91000366210938,192.82000732421875,154.85000610351562,223.35000610351562,657.1566772460938,201.9199981689453,725.3900146484375,353.9072265625,348.9800109863281
2026-02-24,65.62999725341797,70.7699966430664,1.9714000225067139,998.4299926757812,97.87999725341797,55.099998474121094,149.25999450683594,185.33999633789062,195.2899932861328,154.36000061035156,220.9600067138672,660.9467163085938,198.4600067138672,727.72998046875,353.04022216796875,351.17999267578125
2026-02-25,65.41999816894531,70.8499984741211,1.9914000034332275,994.760009765625,97.69999694824219,54.869998931884766,149.05999755859375,184.22000122070312,195.77000427246094,151.91000366210938,220.67999267578125,644.10546875,195.97999572753906,703.6500244140625,339.8661193847656,343.1400146484375
2026-02-26,65.20999908447266,70.75,2.0322999954223633,986.739990234375,97.79000091552734,55.04999923706055,148.5399932861328,184.16000366210938,201.07000732421875,152.4600067138672,232.50999450683594,638.2662353515625,197.6300048828125,710.9000244140625,353.9271545410156,350.7200012207031
2026-02-27,67.0199966430664,72.4800033569336,2.077899932861328,1010.7899780273438,97.61000061035156,55.91999816894531,152.5,186.75999450683594,198.2100067138672,154.3300018310547,235.72999572753906,654.6300048828125,202.6199951171875,724.3800048828125,363.27459716796875,357.04998779296875
2026-03-02,71.2300033569336,77.73999786376953,2.3705999851226807,1002.77001953125,98.37999725341797,57.040000915527344,154.22000122070312,189.60000610351562,209.82000732421875,160.17999267578125,248.92999267578125,676.7000122070312,212.16000366210938,768.02001953125,377.16619873046875,364.7799987792969
2026-03-03,74.55999755859375,81.4000015258789,2.45740008354187,1007.77001953125,99.05000305175781,56.52000045776367,151.8300018310547,188.77000427246094,211.97999572753906,159.77999877929688,246.07000732421875,667.8200073242188,206.52000427246094,759.1099853515625,366.7225646972656,364.70001220703125
2026-03-04,74.66000366210938,81.4000015258789,2.514899969100952,1006.739990234375,98.7699966430664,56.189998626708984,149.82000732421875,186.02999877929688,220.77000427246094,164.72000122070312,248.97999572753906,664.47998046875,208.82000732421875,753.8400268554688,367.469970703125,366.1199951171875
2026-03-05,81.01000213623047,85.41000366210938,2.6709001064300537,982.5700073242188,99.31999969482422,56.47999954223633,150.75999450683594,189.89999389648438,217.36000061035156,166.44000244140625,249.5399932861328,655.0,203.86000061035156,740.010009765625,358.8500061035156,360.70001220703125
2026-03-06,90.9000015258789,92.69000244140625,2.7465999126434326,998.0999755859375,98.98999786376953,56.56999969482422,151.2100067138672,189.94000244140625,221.27999877929688,165.9600067138672,255.14999389648438,671.77001953125,209.75999450683594,756.1300048828125,366.6099853515625,363.489990234375
2026-03-09,94.7699966430664,98.95999908447266,2.8083999156951904,1005.2999877929688,99.18000030517578,56.31999969482422,150.44000244140625,189.44000244140625,215.6999969482422,163.0,250.8000030517578,664.1500244140625,208.22999572753906,747.3400268554688,371.260009765625,361.9800109863281
2026-03-10,83.44999694824219,87.80000305175781,2.6403000354766846,997.3599853515625,98.83000183105469,55.599998474121094,148.1300048828125,186.2899932861328,215.22999572753906,162.5,245.75999450683594,651.219970703125,207.0,734.97998046875,361.7200012207031,355.5899963378906
2026-03-11,87.25,91.9800033569336,2.788300037384033,992.22998046875,99.2300033569336,56.97999954223633,151.5800018310547,191.7899932861328,226.74000549316406,169.5,250.32000732421875,649.469970703125,207.25999450683594,733.1799926757812,364.260009765625,353.8500061035156
2026-03-12,95.7300033569336,100.45999908447266,2.964600086212158,,99.73999786376953,,,,,,,,,,,
