Date,WTI_Crude,Brent_Crude,RBOB_Gasoline,Costco_Stock,US_Dollar_Index,Energy_ETF,Exxon,Chvron,Marathon_Petro,Phillips_66,Cheniere_LNG,Lockheed_Martin,RTX_Corp,Northrop_Grumman,L3Harris,General_Dynamics,costco_regular,costco_premium,fl_regular,fl_premium,naples_regular,naples_premium,punta_gorda_regular,punta_gorda_premium,bradenton_sarasota_regular,bradenton_sarasota_premium,net_news_sentiment,spread_costco_vs_fl,spread_costco_vs_naples,spread_costco_vs_pg,crack_spread,wti_mom_60d,wti_mom_10d,wti_vol_20d,day_of_week,is_weekend_prep,vol_z_score,mom_z_score,market_regime
2025-10-07,61.72999954223633,65.44999694824219,1.8939000368118288,912.2613525390624,98.58000183105467,44.36680221557617,112.51929473876952,151.71487426757812,189.6300811767578,130.1836395263672,234.09341430664065,504.5599670410156,168.04547119140625,617.1441040039062,299.1380920410156,340.5360107421875,2.6239000368118286,,2.8239000368118288,,2.923900036811829,,2.8739000368118286,,,,0.0,-0.20000000000000018,-0.30000000000000027,-0.25,17.813802003860488,-0.07838165947410036,-0.026494248686618538,0.015595635646455105,1,0,-0.9110497468681148,,Unknown
2025-10-08,62.54999923706055,66.25,1.909500002861023,912.2613525390624,98.8499984741211,44.10900115966797,112.28295135498048,150.5690155029297,186.8283233642578,129.13131713867188,234.4913024902344,507.4723815917969,167.3505401611328,633.3463134765625,304.42755126953125,343.5206604003906,2.639500002861023,,2.839500002861023,,2.939500002861023,,2.889500002861023,,,,0.0,-0.20000000000000018,-0.30000000000000027,-0.25,17.649000883102417,-0.059681262873600316,-0.037544217678290304,0.015419368804823993,2,0,-0.9219214137615666,,Unknown
2025-10-09,61.5099983215332,65.22000122070312,1.882599949836731,940.2733764648438,99.54000091552734,43.50911331176758,111.18987274169922,148.51231384277344,185.6897735595703,128.92477416992188,230.15440368652344,501.2921447753906,161.0067596435547,630.4275512695312,295.9326477050781,339.8815612792969,2.612599949836731,,2.812599949836731,,2.912599949836731,,2.862599949836731,,,,0.0,-0.20000000000000018,-0.30000000000000027,-0.25,17.559199571609497,-0.07336545847226594,-0.053401121208623725,0.015186715440736756,3,1,-0.9405306850475242,,Unknown
2025-10-10,58.900001525878906,62.72999954223633,1.8203999996185305,927.4291381835938,98.9800033569336,42.249847412109375,109.04307556152344,145.82884216308594,179.08628845214844,124.6663055419922,226.16563415527344,498.61663818359375,156.5591583251953,618.9906005859375,290.1171875,331.58544921875,2.5503999996185303,,2.7503999996185304,,2.8503999996185305,,2.8003999996185303,,,,0.0,-0.20000000000000018,-0.30000000000000027,-0.25,17.55679845809938,-0.1279241822998275,-0.10377357833456313,0.017752078204840094,4,1,-0.5577996088621213,,Unknown
2025-10-13,59.4900016784668,63.31999969482422,1.8437999486923216,932.9636840820312,99.2699966430664,42.82494354248047,110.53006744384766,148.80613708496094,181.5712432861328,127.64624786376952,225.79759216308597,497.41217041015625,157.70086669921875,614.4138793945312,291.1889953613281,333.0295715332031,2.5737999486923213,,2.7737999486923215,,2.8737999486923216,,2.8237999486923213,,,,0.0,-0.20000000000000018,-0.30000000000000027,-0.25,17.949596166610704,-0.11657254360447333,-0.062411332338165315,0.01776297365868684,0,0,-0.5451188485159357,,Unknown
2025-10-14,58.70000076293945,62.38999938964844,1.82860004901886,943.8833618164062,99.0500030517578,42.81998825073242,110.57930755615234,149.24684143066406,181.29405212402344,128.6789093017578,225.021728515625,498.7449951171875,158.2468719482422,622.4058227539062,297.7090148925781,334.1350402832031,2.55860004901886,,2.75860004901886,,2.85860004901886,,2.80860004901886,,,,0.0,-0.20000000000000018,-0.30000000000000027,-0.25,18.101201295852675,-0.12648804421597637,-0.0588423638254888,0.017098676886679865,1,0,-0.6302669685041156,,Unknown
2025-10-15,58.27000045776367,61.90999984741211,1.834400057792664,952.3397827148438,98.79000091552734,42.79520034790039,109.90966796875,148.97262573242188,181.9969787597656,127.4299087524414,224.03697204589844,493.0484924316406,155.86422729492188,604.5357055664062,287.51708984375,330.6891174316406,2.564400057792664,,2.764400057792664,,2.8644000577926643,,2.814400057792664,,,,0.0,-0.20000000000000018,-0.30000000000000027,-0.25,18.774801969528212,-0.11992144293158657,-0.056814477029569765,0.01709902059387377,2,0,-0.6183876222807918,,Unknown
2025-10-16,57.459999084472656,61.060001373291016,1.8116999864578247,923.05126953125,98.38999938964844,42.27959442138672,108.95445251464844,148.58087158203125,179.34368896484375,126.23987579345705,218.90431213378903,486.9669494628906,155.91387939453125,594.657470703125,282.12841796875,329.2450256347656,2.5416999864578247,,2.741699986457825,,2.841699986457825,,2.7916999864578247,,,,0.0,-0.20000000000000018,-0.30000000000000027,-0.25,18.63140034675598,-0.11938698721114704,-0.04993387038064789,0.01721614841997701,3,1,-0.5892355060522309,,Unknown
2025-10-17,57.540000915527344,61.290000915527344,1.8377000093460083,933.7315673828124,98.43000030517578,42.62663650512695,110.53006744384766,149.92262268066406,182.63059997558597,127.13484954833984,217.80018615722656,488.8427429199219,156.80735778808594,590.2098999023438,281.71160888671875,329.802734375,2.5677000093460083,,2.7677000093460085,,2.8677000093460085,,2.8177000093460083,,,,0.0,-0.20000000000000018,-0.30000000000000027,-0.25,19.643399477005005,-0.12857788915227875,-0.05486202519692718,0.017131659971740376,4,1,-0.5896717972394162,,Unknown
2025-10-20,57.52000045776367,61.0099983215332,1.830199956893921,933.5121459960938,98.58999633789062,43.07778930664063,110.9830551147461,151.29373168945312,184.41265869140625,128.18716430664062,220.14768981933597,499.455810546875,159.5474090576172,597.6557006835938,288.3507385253906,335.81817626953125,2.560199956893921,,2.760199956893921,,2.860199956893921,,2.810199956893921,,,,0.0,-0.20000000000000018,-0.30000000000000027,-0.25,19.348397731781006,-0.11724988911853573,-0.06759601656304604,0.017134898471505157,0,0,-0.5771170199544224,,Unknown
2025-10-21,57.81999969482422,61.31999969482422,1.8252999782562256,934.8983154296876,98.93000030517578,42.9786376953125,110.99291229248048,150.6179656982422,181.04653930664065,126.47592163085938,221.04290771484372,483.26470947265625,171.78819274902344,595.0248413085938,290.0774841308594,339.3039245605469,2.5552999782562256,,2.7552999782562257,,2.855299978256226,,2.8052999782562256,,,,0.0,-0.20000000000000018,-0.30000000000000027,-0.25,18.842599391937256,-0.13326337148335632,-0.06334035114866388,0.0168489575580473,1,0,-0.607784409061078,,Unknown
2025-10-22,58.5,62.59000015258789,1.8650000095367432,942.0584106445312,98.9000015258789,43.52894592285156,112.96244049072266,152.36126708984375,186.66000366210935,129.2296600341797,223.27105712890625,480.9347839355469,176.6924591064453,592.175537109375,286.7728271484375,336.8638916015625,2.595000009536743,,2.7950000095367433,,2.8950000095367434,,2.845000009536743,,,,0.0,-0.20000000000000018,-0.30000000000000027,-0.25,19.830000400543213,-0.15474641274595047,-0.06474819003132681,0.01586969989224635,2,0,-0.7433912045838823,,Unknown
2025-10-23,61.790000915527344,65.98999786376953,1.926900029182434,939.4357299804688,98.94000244140624,44.10900115966797,114.21309661865234,153.33084106445312,194.0060272216797,133.5668182373047,220.3665008544922,481.8331604003906,178.1418914794922,601.3687744140625,291.050048828125,340.1106262207031,2.656900029182434,,2.8569000291824342,,2.9569000291824343,,2.906900029182434,,,,0.0,-0.20000000000000018,-0.30000000000000027,-0.25,19.139800310134888,-0.11728570120675219,0.004552147644850679,0.020984945120586674,3,1,0.05082998817276167,,Unknown
2025-10-24,61.5,65.94000244140625,1.922700047492981,929.55322265625,98.9499969482422,43.66280364990234,113.632080078125,152.35147094726562,194.263427734375,132.75051879882812,218.4268341064453,479.226806640625,177.35760498046875,601.2098999023438,290.9706726074219,349.3428955078125,2.652700047492981,,2.852700047492981,,2.952700047492981,,2.902700047492981,,,,0.0,-0.20000000000000018,-0.30000000000000027,-0.25,19.2534019947052,-0.112041609830837,0.04414258755118583,0.0207392882105535,4,1,0.026710569573442602,,Unknown
2025-10-27,61.310001373291016,65.62000274658203,1.920400023460388,927.26953125,98.77999877929688,43.76691436767578,114.1737060546875,152.07723999023438,194.27333068847656,133.18325805664062,218.6357269287109,480.7077026367188,177.94334411621094,591.6494140625,288.92633056640625,352.3306884765625,2.6504000234603877,,2.850400023460388,,2.950400023460388,,2.9004000234603877,,,,0.0,-0.20000000000000018,-0.30000000000000027,-0.25,19.346799612045274,-0.08941037121711559,0.030593371045121165,0.019378353212055777,0,0,-0.17340034086709452,,Unknown
2025-10-28,60.150001525878906,64.4000015258789,1.9251999855041504,921.5953369140624,98.69000244140624,43.3108024597168,113.2775650024414,150.9509735107422,190.2934112548828,131.4523468017578,214.8558654785156,479.5822143554688,177.37747192382812,590.755859375,285.1949157714844,345.2695617675781,2.6551999855041504,,2.8551999855041506,,2.9551999855041506,,2.9051999855041504,,,,0.0,-0.20000000000000018,-0.30000000000000027,-0.25,20.70839786529541,-0.09262331128147927,0.0247018866114721,0.019462681343549917,1,0,-0.14674437568993265,,Unknown
2025-10-29,60.47999954223633,64.91999816894531,1.9737000465393064,909.887939453125,99.22000122070312,43.633056640625,114.6759262084961,151.90097045898438,193.79812622070312,135.7206573486328,210.01165771484372,479.1478271484375,175.0841827392578,580.7684936523438,284.68878173828125,342.08258056640625,2.703700046539306,,2.9037000465393064,,3.0037000465393064,,2.953700046539306,,,,0.0,-0.20000000000000018,-0.30000000000000027,-0.25,22.415402412414537,-0.07182326361031921,0.03792687604446732,0.019433224133255482,2,0,-0.13748774404508363,,Unknown
2025-10-30,60.56999969482422,65.0,2.0034000873565674,917.6264038085938,99.52999877929688,43.37525177001953,112.9427490234375,150.35354614257812,193.6793212890625,134.8060302734375,210.39959716796875,483.4819030761719,176.1365203857422,574.424560546875,293.650146484375,343.2577819824219,2.7334000873565674,,2.9334000873565675,,3.0334000873565676,,2.9834000873565674,,,,0.0,-0.20000000000000018,-0.30000000000000027,-0.25,23.57280397415161,-0.05874124116439616,0.05412461990783379,0.018847412364023416,3,1,-0.22109556695620647,,Unknown
2025-10-31,60.97999954223633,65.06999969482422,1.9931000471115112,910.20654296875,99.8000030517578,43.69254684448242,112.6177749633789,154.4669189453125,192.96649169921875,133.89137268066406,210.8770446777344,485.6144104003906,177.2086944580078,579.2396240234375,286.9018249511719,343.4967956542969,2.723100047111511,,2.9231000471115114,,3.0231000471115115,,2.973100047111511,,,,0.0,-0.20000000000000018,-0.30000000000000027,-0.25,22.730202436447144,-0.0453976436660769,0.05978447292274347,0.018850206522203518,4,1,-0.21361988326650955,,Unknown
2025-11-03,61.04999923706055,64.88999938964844,1.916100025177002,926.7738647460938,99.87000274658205,43.69750595092773,112.02691650390624,150.86280822753906,193.83770751953125,135.6419677734375,208.4997100830078,481.724609375,175.75926208496094,571.257568359375,286.39569091796875,340.4791259765625,2.646100025177002,,2.846100025177002,,2.946100025177002,,2.896100025177002,,,,0.0,-0.20000000000000018,-0.30000000000000027,-0.25,19.426201820373535,-0.044301843828040255,0.06136993656474177,0.018601431146235796,0,0,-0.2459455809803977,,Unknown
2025-11-04,60.560001373291016,64.44000244140625,1.9227999448776243,939.45654296875,100.22000122070312,43.226524353027344,112.401123046875,150.22621154785156,181.9474639892578,133.5078125,205.6548614501953,478.8022766113281,174.33961486816406,572.9751586914062,288.9064636230469,342.0726013183594,2.652799944877624,,2.8527999448776242,,2.9527999448776243,,2.902799944877624,,,,0.0,-0.20000000000000018,-0.30000000000000027,-0.25,20.1975963115692,-0.05315818886568813,0.04738847618347641,0.018677697245245352,1,0,-0.22511124634206317,,Unknown
2025-11-05,59.59999847412109,63.52000045776367,1.9092999696731567,933.75439453125,100.1999969482422,43.34054946899414,111.94813537597656,149.51129150390625,184.3235321044922,133.68484497070312,204.54080200195312,467.1131286621094,172.7412567138672,566.383056640625,284.9170227050781,341.514892578125,2.6392999696731567,,2.839299969673157,,2.939299969673157,,2.8892999696731567,,,,0.0,-0.20000000000000018,-0.30000000000000027,-0.25,20.590600252151496,-0.05651416492488126,0.01880339272001863,0.01865829090176669,2,0,-0.22129814778197787,,Unknown
2025-11-06,59.43000030517578,63.380001068115234,1.9656000137329104,922.3200073242188,99.7300033569336,43.76195526123047,112.75564575195312,149.78550720214844,190.79833984375,135.91734313964844,206.92807006835935,462.9468994140625,173.8332977294922,567.8325805664062,282.85284423828125,338.9154968261719,2.69560001373291,,2.8956000137329103,,2.9956000137329104,,2.94560001373291,,,,0.0,-0.20000000000000018,-0.30000000000000027,-0.25,23.12520027160646,-0.05139666627738282,-0.038193891817187464,0.01835133652006565,3,1,-0.2657358090338216,,Unknown
2025-11-07,59.75,63.630001068115234,1.9402999877929688,921.4810791015624,99.5999984741211,44.3915901184082,115.4342041015625,151.82261657714844,191.8279571533203,135.6714630126953,207.3519592285156,452.5115356445313,175.6897735595703,564.5067138671875,288.4499816894531,344.9309387207031,2.6702999877929687,,2.870299987792969,,2.970299987792969,,2.9202999877929687,,,,0.0,-0.20000000000000018,-0.30000000000000027,-0.25,21.742599487304688,-0.06582237562124515,-0.028455284552845517,0.01566432686650131,4,1,-0.6992250988110236,,Unknown
2025-11-10,60.130001068115234,64.05999755859375,1.9710999727249143,914.3109130859376,99.62000274658205,44.79316711425781,116.4189682006836,152.43960571289062,194.40203857421875,136.3599090576172,210.99234008789065,446.3411254882813,177.73486328125,558.9172973632812,294.74176025390625,348.068115234375,2.701099972724914,,2.9010999727249143,,3.0010999727249144,,2.951099972724914,,,,0.0,-0.20000000000000018,-0.30000000000000027,-0.25,22.656197786331163,-0.04251589492647079,-0.019246457001219963,0.015572523867414109,0,0,-0.703439968477602,,Unknown
2025-11-11,61.040000915527344,65.16000366210938,2.01200008392334,912.6132202148438,99.45999908447266,45.37818145751953,117.9552001953125,153.01744079589844,198.1344451904297,138.52359008789062,211.44114685058597,451.2478332519531,177.92349243164062,562.6502075195312,299.3861694335937,350.9862060546875,2.74200008392334,,2.94200008392334,,3.04200008392334,,2.99200008392334,,,,0.0,-0.20000000000000018,-0.30000000000000027,-0.25,23.46400260925293,-0.03752755159465415,0.014796331954630482,0.01553107899251003,1,0,-0.6992920669832886,,Unknown
2025-11-12,58.4900016784668,62.709999084472656,1.955399990081787,912.7530517578124,99.4800033569336,44.74359130859375,116.32049560546876,150.1576690673828,194.9366455078125,135.74032592773438,212.9870758056641,451.21820068359375,176.40455627441406,554.5391235351562,297.9571228027344,348.0282897949219,2.685399990081787,,2.8853999900817873,,2.9853999900817874,,2.935399990081787,,,,0.0,-0.20000000000000018,-0.30000000000000027,-0.25,23.63679790496826,-0.061908530715624854,-0.03290340408120895,0.01829267285504343,2,0,-0.23689459037807212,,Unknown
2025-11-13,58.68999862670898,63.0099983215332,1.9596999883651731,923.8179321289062,99.18000030517578,44.85762023925781,116.98028564453124,152.3710479736328,192.6397857666016,137.1958770751953,212.73773193359372,450.0433654785156,172.7015380859375,553.9732666015625,286.1773681640625,342.66021728515625,2.689699988365173,,2.889699988365173,,2.989699988365173,,2.939699988365173,,,,0.0,-0.20000000000000018,-0.30000000000000027,-0.25,23.61740088462829,-0.07150768111423689,-0.03103848567917178,0.017990188042623145,3,1,-0.2806554811903324,,Unknown
2025-11-14,60.09000015258789,64.38999938964844,2.0116000175476074,921.7207641601562,99.2699966430664,45.62110900878906,118.50015258789062,154.3689727783203,197.9859313964844,139.96929931640625,214.62274169921875,459.8370056152344,174.29989624023438,553.9732666015625,287.18963623046875,342.84942626953125,2.7416000175476074,,2.9416000175476076,,3.0416000175476077,,2.9916000175476074,,,,0.0,-0.20000000000000018,-0.30000000000000027,-0.25,24.39720058441162,-0.05399874496941304,-0.014594939264176321,0.018689569388710466,4,1,-0.1605199432068262,,Unknown
2025-11-17,59.90999984741211,64.19999694824219,1.9901000261306765,911.344970703125,99.58999633789062,44.7882080078125,116.90081024169922,151.62672424316406,194.01593017578125,135.53573608398438,214.6427001953125,464.7831726074219,174.35946655273438,558.9669799804688,286.6913452148437,340.3894958496094,2.7201000261306763,,2.9201000261306764,,3.0201000261306765,,2.9701000261306763,,,,0.0,-0.20000000000000018,-0.30000000000000027,-0.25,23.674201250076308,-0.058906691941383094,-0.018673208909008476,0.018718929282634175,0,0,-0.1517472173095225,,Unknown
2025-11-18,60.7400016784668,64.88999938964844,1.9993000030517576,893.85888671875,99.5500030517578,45.145164489746094,118.24187469482422,152.1317901611328,197.61962890625,137.28140258789062,211.8999481201172,468.6730041503906,173.45603942871094,562.6700439453125,284.4491577148437,339.9014892578125,2.7293000030517574,,2.9293000030517575,,3.0293000030517576,,2.9793000030517574,,,,0.0,-0.20000000000000018,-0.30000000000000027,-0.25,23.230598449707017,-0.06265433922970909,0.0029722638886062747,0.018890983477664002,1,0,-0.12073062549511161,,Unknown
2025-11-19,59.43999862670898,63.5099983215332,1.9321000576019287,889.3849487304688,100.2300033569336,44.56015396118164,116.572998046875,150.2303924560547,194.5450439453125,133.3933563232422,209.0674285888672,463.92425537109375,172.51290893554688,560.9227294921875,284.25982666015625,341.6642761230469,2.6621000576019287,,2.862100057601929,,2.962100057601929,,2.9121000576019287,,,,0.0,-0.20000000000000018,-0.30000000000000027,-0.25,21.70820379257203,-0.0602371758623087,-0.0026845612669198493,0.0194936365708469,2,0,-0.019338024974604448,,Unknown
2025-11-20,59.13999938964844,63.380001068115234,1.9184000492095947,892.0712890625,100.16000366210938,44.054466247558594,116.24517822265624,148.85385131835938,186.9331817626953,130.9137420654297,207.62124633789065,462.2952880859375,171.48043823242188,563.2557983398438,283.2333984375,338.0590209960937,2.6484000492095947,,2.848400049209595,,2.948400049209595,,2.8984000492095947,,,,0.0,-0.20000000000000018,-0.30000000000000027,-0.25,21.43280267715454,-0.07809823876947797,-0.004879705772138254,0.01453585367402804,3,1,-0.8293409563785589,,Unknown
2025-11-21,58.060001373291016,62.560001373291016,1.8833999633789065,897.7835083007812,100.18000030517578,44.33209609985352,116.3047866821289,148.5270538330078,189.66946411132807,132.629638671875,204.95828247070312,454.9105529785156,169.11827087402344,562.6104736328125,276.8157653808594,338.9553527832031,2.6133999633789062,,2.8133999633789064,,2.9133999633789065,,2.8633999633789062,,,,0.0,-0.20000000000000018,-0.30000000000000027,-0.25,21.04279708862306,-0.10123834760537986,-0.028284495844501878,0.014973888427340168,4,1,-0.7480175455301562,,Unknown
2025-11-24,58.84000015258789,63.369998931884766,1.8966000080108645,884.9110717773438,100.13999938964844,44.208152770996094,115.20213317871094,148.29928588867188,189.23165893554688,132.11387634277344,204.04071044921875,445.31439208984375,172.63661193847656,561.4786987304688,274.4440002441406,336.7543334960937,2.6266000080108642,,2.8266000080108644,,2.9266000080108645,,2.8766000080108642,,,,0.0,-0.20000000000000018,-0.30000000000000027,-0.25,20.817200183868422,-0.0807686581956274,-0.021453532223723593,0.015404774639834076,0,0,-0.6698040161432763,,Unknown
2025-11-25,57.95000076293945,62.47999954223633,1.857200026512146,893.10986328125,99.66000366210938,43.93052291870117,113.75180053710938,147.09109497070312,189.0525665283203,133.0363006591797,204.36984252929688,446.6471557617188,171.58010864257812,565.3108520507812,275.37078857421875,339.682373046875,2.587200026512146,,2.787200026512146,,2.8872000265121462,,2.837200026512146,,,,0.0,-0.20000000000000018,-0.30000000000000027,-0.25,20.05240035057068,-0.11648110994843319,-0.05062254433554336,0.01520673522173268,1,0,-0.6969460208797623,,Unknown
2025-11-26,58.650001525878906,63.130001068115234,1.8890000581741333,907.0208740234376,99.5999984741211,44.26268768310547,114.01007843017578,148.0615997314453,190.7838897705078,133.85952758789062,205.2475128173828,448.3748779296875,172.61666870117188,563.0174560546875,275.18145751953125,338.6565856933594,2.6190000581741333,,2.8190000581741335,,2.9190000581741335,,2.8690000581741333,,,,0.0,-0.20000000000000018,-0.30000000000000027,-0.25,20.688000917434692,-0.08316397675950749,0.002735507656362657,0.015441522162516626,2,0,-0.6540312483462378,,Unknown
2025-11-28,58.54999923706055,63.20000076293945,1.895900011062622,912.3436279296876,99.45999908447266,44.84274291992188,115.1524658203125,149.66592407226562,192.7639617919922,135.8432159423828,207.91049194335935,452.0277404785156,174.3309783935547,568.1204833984375,277.7225952148437,340.2401123046875,2.625900011062622,,2.8259000110626222,,2.9259000110626223,,2.875900011062622,,,,0.0,-0.20000000000000018,-0.30000000000000027,-0.25,21.07780122756958,-0.07766226119607345,-0.002385404548036929,0.015426363742673872,4,1,-0.6514380626862939,,Unknown
2025-12-01,59.31999969482422,63.16999816894531,1.868899941444397,910.7158203125,99.41000366210938,45.27406692504883,115.8577651977539,151.06224060058594,195.1619415283203,138.62037658691406,210.13461303710935,436.8875427246094,167.4637908935547,543.7684326171875,271.3747253417969,331.0277404785156,2.598899941444397,,2.798899941444397,,2.898899941444397,,2.848899941444397,,,,0.0,-0.20000000000000018,-0.30000000000000027,-0.25,19.173797845840454,-0.041215440133883785,-0.012814119750514052,0.015672219048432634,0,0,-0.6077371737492441,,Unknown
2025-12-02,58.63999938964844,62.45000076293945,1.830299973487854,920.7720947265624,99.36000061035156,44.689056396484375,114.61603546142578,148.79443359375,191.7390899658203,136.4482421875,208.7283172607422,439.5037536621094,168.24119567871094,545.2237548828125,273.0189819335937,334.4338073730469,2.560299973487854,,2.760299973487854,,2.8602999734878543,,2.810299973487854,,,,0.0,-0.20000000000000018,-0.30000000000000027,-0.25,18.23259949684143,-0.05814325456916625,-0.021198472058058804,0.01582315836787337,1,0,-0.5816359101244137,,Unknown
2025-12-03,58.95000076293945,62.66999816894531,1.8272000551223757,921.0017700195312,98.8499984741211,45.52691268920898,117.02001953125,150.1214599609375,188.4853973388672,138.70965576171875,207.91049194335935,444.4576416015625,167.89234924316406,551.5535278320312,276.77587890625,336.7045288085937,2.5572000551223755,,2.7572000551223756,,2.8572000551223757,,2.8072000551223755,,,,0.0,-0.20000000000000018,-0.30000000000000027,-0.25,17.79240155220033,-0.05875778768027606,-0.0294698858423299,0.01583153400646492,2,0,-0.579995813377457,-0.4961814712189074,Bear_Quiet
2025-12-04,59.66999816894531,63.2599983215332,1.8271000385284424,894.6377563476562,98.98999786376952,45.72026443481445,116.36438751220705,150.7849578857422,189.20181274414065,138.2831573486328,207.3519592285156,445.99951171875,170.74288940429688,551.2344970703125,279.5362854003906,340.309814453125,2.5571000385284424,,2.7571000385284425,,2.8571000385284426,,2.8071000385284424,,,,0.0,-0.20000000000000018,-0.30000000000000027,-0.25,17.068203449249268,-0.06282393772630857,0.0038694405711676705,0.015710274717660993,3,1,-0.6009249121128818,-0.5430330404272036,Bear_Quiet
2025-12-05,60.08000183105469,63.75,1.8341000080108645,893.4594116210938,98.98999786376952,45.53186798095703,115.76836395263672,148.54685974121094,189.5799102783203,138.22364807128906,205.1477813720703,449.829345703125,170.53358459472656,547.2173461914062,277.53326416015625,335.93768310546875,2.5641000080108642,,2.7641000080108644,,2.8641000080108645,,2.8141000080108642,,,,0.0,-0.20000000000000018,-0.30000000000000027,-0.25,16.952198505401626,-0.036716324195083305,0.015894529102257415,0.015761960097674613,4,1,-0.5942482532535663,-0.22775221882590246,Bear_Quiet
2025-12-08,58.880001068115234,62.4900016784668,1.7980999946594238,886.3092041015625,99.08999633789062,45.036094665527344,115.21207427978516,147.2693634033203,188.7142639160156,137.92608642578125,200.2706756591797,462.9402465820313,170.9521942138672,551.792724609375,280.6723022460937,334.6429748535156,2.528099994659424,,2.728099994659424,,2.828099994659424,,2.778099994659424,,,,0.0,-0.20000000000000018,-0.30000000000000027,-0.25,16.640198707580566,-0.06077520564772354,0.01412331511244913,0.016370348945644788,0,0,-0.49775819944172667,-0.513476015450144,Bear_Quiet
2025-12-09,58.25,61.93999862670898,1.7897000312805176,887.2279052734375,99.22000122070312,45.3137321472168,117.467041015625,147.05149841308594,189.77891540527344,138.73941040039062,198.1961669921875,464.44232177734375,171.36082458496094,548.8720703125,276.4071655273437,332.9100341796875,2.5197000312805176,,2.7197000312805177,,2.819700031280518,,2.7697000312805176,,,,0.0,-0.20000000000000018,-0.30000000000000027,-0.25,16.91740131378174,-0.07977881987246371,-0.010027194953396656,0.016432691841621338,1,0,-0.48651621690288066,-0.7317522908511349,Bear_Quiet
2025-12-10,58.459999084472656,62.209999084472656,1.781499981880188,873.217041015625,98.79000091552734,45.7896728515625,118.74849700927734,149.94320678710938,190.34608459472656,142.63735961914062,192.40147399902344,465.48681640625,174.1416015625,553.5869750976562,284.9474182128906,340.8376770019531,2.511499981880188,,2.711499981880188,,2.8114999818801882,,2.761499981880188,,,,0.0,-0.20000000000000018,-0.30000000000000027,-0.25,16.36300015449524,-0.09392433158542302,0.008800661170299096,0.016017001147471358,2,0,-0.5530783411400483,-0.8884110695997095,Bear_Quiet
2025-12-11,57.59999847412109,61.27999877929688,1.7597999572753906,883.2733154296875,98.3499984741211,45.571533203125,118.74849700927734,149.2598876953125,186.17697143554688,142.2604522705078,191.09494018554688,472.3904418945313,176.83265686035156,558.2520141601562,288.85382080078125,340.0907287597656,2.4897999572753906,,2.689799957275391,,2.789799957275391,,2.7397999572753906,,,,0.0,-0.20000000000000018,-0.30000000000000027,-0.25,16.31159973144532,-0.10070264278402263,-0.017902864866840895,0.013414461002799062,3,1,-0.9650191227747409,-0.9543305043852874,Bear_Quiet
2025-12-12,57.43999862670898,61.119998931884766,1.7520999908447266,883.2633056640625,98.4000015258789,45.125335693359375,118.03326416015624,148.53695678710938,184.8436584472656,140.28668212890625,188.86083984375,477.7322692871094,178.0685577392578,567.9410400390625,285.9539489746094,336.116943359375,2.4820999908447265,,2.6820999908447267,,2.782099990844727,,2.7320999908447265,,,,0.0,-0.20000000000000018,-0.30000000000000027,-0.25,16.14820098876954,-0.09642915050405987,-0.018958166094201534,0.013386311616757334,4,1,-0.9554298464894024,-0.8889473135999458,Bear_Quiet
2025-12-15,56.81999969482422,60.560001373291016,1.732300043106079,859.3859252929688,98.1500015258789,44.80804061889648,116.98028564453124,148.3488006591797,184.5849456787109,140.35610961914062,188.3322296142578,481.8804321289063,181.50714111328125,573.9517211914062,287.5284423828125,339.3039245605469,2.462300043106079,,2.6623000431060793,,2.7623000431060794,,2.712300043106079,,,,0.0,-0.20000000000000018,-0.30000000000000027,-0.25,15.936602115631104,-0.09349075593204292,-0.04214430230717159,0.012190345282318943,0,0,-1.1315699054306534,-0.8401778492447526,Bear_Quiet
2025-12-16,55.27000045776367,58.91999816894531,1.680899977684021,859.2161865234375,98.1500015258789,43.43970489501953,113.9206771850586,145.32833862304688,175.90843200683594,130.70545959472656,188.78103637695312,474.5589904785156,179.3343505859375,566.904296875,281.8681640625,336.116943359375,2.410899977684021,,2.610899977684021,,2.7108999776840212,,2.660899977684021,,,,0.0,-0.20000000000000018,-0.30000000000000027,-0.25,15.32779860496521,-0.1176564336477739,-0.057469286612572223,0.013371073689011916,1,0,-0.925742024465005,-1.1140543074136668,Bear_Quiet
2025-12-17,55.93999862670898,59.68000030517578,1.6943000555038452,861.47314453125,98.37000274658205,44.40150451660156,116.63260650634766,148.07151794433594,173.62985229492188,130.9137420654297,189.8482360839844,472.3009033203125,176.61338806152344,562.3887939453125,277.75250244140625,335.0413513183594,2.424300055503845,,2.6243000555038454,,2.7243000555038455,,2.674300055503845,,,,0.0,-0.20000000000000018,-0.30000000000000027,-0.25,15.220603704452522,-0.11780478219017054,-0.05106025610304654,0.013254892435473283,2,0,-0.9302820994690038,-1.0989994260040978,Bear_Quiet
2025-12-18,56.150001525878906,59.81999969482422,1.701300024986267,856.4200439453125,98.43000030517578,43.75699996948242,115.76836395263672,146.25924682617188,167.27171325683594,128.0770721435547,189.34954833984372,467.67529296875,177.69976806640625,557.7337036132812,281.7386169433594,335.9675598144531,2.431300024986267,,2.6313000249862672,,2.7313000249862673,,2.681300024986267,,,,0.0,-0.20000000000000018,-0.30000000000000027,-0.25,15.304599523544312,-0.13602087441856536,-0.05899106336655391,0.01270096813230497,3,1,-1.0080172902555857,-1.299036671264995,Bear_Quiet
2025-12-19,56.65999984741211,60.470001220703125,1.708199977874756,854.4526977539062,98.5999984741211,43.75699996948242,115.91736602783205,146.3186492919922,167.48068237304688,127.83901977539062,189.259765625,471.6443786621094,181.40745544433597,566.6452026367188,286.45220947265625,337.97930908203125,2.438199977874756,,2.638199977874756,,2.738199977874756,,2.688199977874756,,,,0.0,-0.20000000000000018,-0.30000000000000027,-0.25,15.084399223327651,-0.1280394441320648,-0.056924132480215994,0.012957795258428101,4,1,-0.960593810952997,-1.1934329848350853,Bear_Quiet
2025-12-22,58.0099983215332,62.06999969482422,1.7422000169754028,848.84033203125,98.29000091552734,44.209999084472656,117.3676986694336,148.3488006591797,163.94837951660156,127.9382095336914,188.8708038330078,481.0348815917969,185.0653076171875,582.7933959960938,294.0756530761719,343.7856140136719,2.472200016975403,,2.672200016975403,,2.772200016975403,,2.722200016975403,,,,0.0,-0.20000000000000018,-0.30000000000000027,-0.25,15.162402391433716,-0.11731592751007303,-0.014775861596462492,0.013590201041376038,0,0,-0.8489087541500978,-1.0560655994085257,Bear_Quiet
2025-12-23,58.380001068115234,62.380001068115234,1.7431999444961548,853.623779296875,97.94000244140624,44.5,118.62928771972656,149.05191040039062,165.5702362060547,128.067138671875,191.1946563720703,480.0202026367188,185.14505004882807,578.2081298828125,296.796142578125,342.44110107421875,2.4731999444961548,,2.673199944496155,,2.773199944496155,,2.7231999444961548,,,,0.0,-0.20000000000000018,-0.30000000000000027,-0.25,14.834396600723267,-0.07990543158173702,0.00223177799339469,0.01331307662169955,1,0,-0.8923306569068645,-0.6111215831094782,Bear_Quiet
2025-12-24,58.34999847412109,62.2400016784668,1.747099995613098,870.6705322265625,97.9800033569336,44.369998931884766,118.4306182861328,149.04202270507812,164.90357971191406,127.3629379272461,189.82827758789065,483.2034301757813,185.76300048828125,580.4907836914062,297.1051025390625,343.9848327636719,2.4770999956130977,,2.677099995613098,,2.777099995613098,,2.7270999956130977,,,,0.0,-0.20000000000000018,-0.30000000000000027,-0.25,15.028201341629021,-0.06445407289735539,-0.0018816389338738304,0.012849985975240128,2,0,-0.9719074258267701,-0.42863491132193465,Bear_Quiet
2025-12-26,56.7400016784668,60.63999938964844,1.697100043296814,872.158447265625,98.0199966430664,44.20000076293945,118.32134246826172,148.56666564941406,162.87376403808594,126.70831298828124,188.8109588623047,480.4977111816406,184.5570068359375,575.5267333984375,295.7398376464844,340.80780029296875,2.427100043296814,,2.627100043296814,,2.727100043296814,,2.677100043296814,,,,0.0,-0.20000000000000018,-0.30000000000000027,-0.25,14.53820013999939,-0.08157975397239792,-0.014930500320076812,0.013969095363372395,4,1,-0.7639256963533203,-0.6344502930156763,Bear_Quiet
2025-12-29,58.08000183105469,61.93999862670898,1.7151999473571775,866.6560668945312,98.04000091552734,44.619998931884766,119.73194122314452,149.5272674560547,162.78421020507812,127.5414581298828,192.09230041503903,486.30706787109375,183.8094940185547,575.9354248046875,294.9027404785156,339.09478759765625,2.4451999473571773,,2.6451999473571775,,2.7451999473571775,,2.6951999473571773,,,,0.0,-0.20000000000000018,-0.30000000000000027,-0.25,13.958395957946763,-0.039682502138671416,0.01114211733368875,0.01506022585030173,0,0,-0.5497763816925867,-0.1324418019286637,Bear_Quiet
2025-12-30,57.95000076293945,61.91999816894531,1.7209999561309814,864.4690551757812,98.23999786376952,44.959999084472656,120.18889617919922,150.83447265625,163.00311279296875,128.50355529785156,192.9300842285156,485.441650390625,183.4008331298828,572.7356567382812,294.4443359375,338.0888977050781,2.4509999561309814,,2.6509999561309816,,2.7509999561309817,,2.7009999561309814,,,,0.0,-0.20000000000000018,-0.30000000000000027,-0.25,14.331997394561768,-0.04812746803170331,0.019887382509404805,0.014726522820183097,1,0,-0.6093137838785176,-0.222084009695745,Bear_Quiet
2025-12-31,57.41999816894531,60.84999847412109,1.705399990081787,861.16357421875,98.27999877929688,44.709999084472656,119.54319763183594,150.9335174560547,161.8190460205078,127.98778533935548,193.8775787353516,481.1343688964844,182.79286193847656,568.3895874023438,292.55096435546875,335.2903137207031,2.435399990081787,,2.6353999900817873,,2.7353999900817874,,2.685399990081787,,,,0.0,-0.20000000000000018,-0.30000000000000027,-0.25,14.206801414489746,-0.06921706196820931,0.03889990398723864,0.014649310646873564,2,0,-0.621302892262918,-0.46380844550840017,Bear_Quiet
2026-01-02,57.31999969482422,60.75,1.698199987411499,853.334228515625,98.41999816894533,45.650001525878906,121.83790588378906,154.3896942138672,164.3165283203125,129.5053253173828,197.27859497070312,494.464111328125,186.630126953125,583.7902221679688,303.423095703125,342.0028991699219,2.428199987411499,,2.628199987411499,,2.7281999874114993,,2.678199987411499,,,,0.0,-0.20000000000000018,-0.30000000000000027,-0.25,14.00439977645874,-0.071440140614204,0.02466930822297786,0.014575987427585145,4,1,-0.6359157085018784,-0.4785060052903971,Bear_Quiet
2026-01-05,58.31999969482422,61.7599983215332,1.7200000286102295,874.5452270507812,98.2699966430664,46.88999938964844,124.52996063232422,162.2626953125,174.06765747070312,138.83859252929688,198.1961669921875,508.8880920410156,187.6367645263672,609.3683471679688,310.29913330078125,354.1134338378906,2.4500000286102295,,2.6500000286102297,,2.7500000286102297,,2.7000000286102295,,,,0.0,-0.20000000000000018,-0.30000000000000027,-0.25,13.92000150680542,-0.06762589278706299,0.038646448975521164,0.014875177948648855,0,0,-0.5674867493685053,-0.41979076988014685,Bear_Quiet
2026-01-06,57.130001068115234,60.70000076293945,1.700600028038025,887.886962890625,98.58000183105467,45.63999938964844,120.24850463867188,155.02349853515625,169.5701904296875,135.53573608398438,194.07704162597656,519.3031616210938,189.76968383789065,608.6605834960938,313.3783874511719,359.2424621582031,2.430600028038025,,2.630600028038025,,2.730600028038025,,2.680600028038025,,,,0.0,-0.20000000000000018,-0.30000000000000027,-0.25,14.295200109481812,-0.07120789095981217,0.008295115107110007,0.015354494367231686,1,0,-0.4480219584963065,-0.45160518054005433,Bear_Quiet
2026-01-07,55.9900016784668,59.959999084472656,1.694499969482422,881.3759155273438,98.68000030517578,45.130001068115234,117.7054443359375,153.6964874267578,171.64976501464844,136.75572204589844,195.5531463623047,494.26513671875,185.1151428222656,575.1679077148438,308.68475341796875,344.2337951660156,2.424499969482422,,2.624499969482422,,2.724499969482422,,2.674499969482422,,,,0.0,-0.20000000000000018,-0.30000000000000027,-0.25,15.178997039794936,-0.04940576862521029,-0.03482152562511953,0.015353356414927374,2,0,-0.44557634378363414,-0.16244821005333115,Bear_Quiet
2026-01-08,57.7599983215332,61.9900016784668,1.7603000402450562,914.0612182617188,98.93000030517578,46.54999923706055,122.09618377685548,157.70724487304688,176.18704223632812,143.0440216064453,195.9820098876953,515.7220458984375,186.5503845214844,588.9038696289062,324.6092529296875,350.0101928710937,2.490300040245056,,2.6903000402450563,,2.7903000402450564,,2.740300040245056,,,,0.0,-0.20000000000000018,-0.30000000000000027,-0.25,16.172603368759155,-0.029080573342121663,-0.01062012222059805,0.0169788362972391,3,1,0.04495472012124521,0.11009667668374717,Bull_Volatile
2026-01-09,59.119998931884766,63.34000015258789,1.7805999517440796,923.6182250976562,99.12999725341795,46.66999816894531,123.78492736816406,160.53955078125,175.29151916503906,141.00082397460938,193.66812133789065,540.07373046875,187.8759765625,616.8444213867188,334.6044311523437,352.4502258300781,2.5105999517440796,,2.7105999517440797,,2.81059995174408,,2.7605999517440796,,,,0.0,-0.20000000000000018,-0.30000000000000027,-0.25,15.665199041366577,0.00715499426723154,0.01319623783889523,0.01778562740328336,4,1,0.3689786410740855,0.5983263533604878,Bull_Volatile
2026-01-12,59.5,63.869998931884766,1.7937999963760376,941.7933959960938,98.86000061035156,46.34000015258789,123.2087631225586,160.76730346679688,174.66465759277344,137.71780395507812,192.9300842285156,548.35009765625,193.20828247070312,627.3108520507812,339.4974060058594,359.4715270996094,2.5237999963760376,,2.7237999963760378,,2.823799996376038,,2.7737999963760376,,,,0.0,-0.20000000000000018,-0.30000000000000027,-0.25,15.839599847793579,0.021108624207543558,0.04864290165470053,0.01744573370209659,0,0,0.3101412985585983,0.79141800831837,Bull_Volatile
2026-01-13,61.150001525878906,65.47000122070312,1.8265000581741333,940.6448974609376,99.12999725341795,47.0,125.7021484375,162.28248596191406,174.97312927246094,136.57717895507812,193.17942810058597,555.3731079101562,193.43751525878903,623.5030517578125,340.0554504394531,361.8219299316406,2.5565000581741333,,2.7565000581741335,,2.8565000581741335,,2.8065000581741333,,,,0.0,-0.20000000000000018,-0.30000000000000027,-0.25,15.563000917434692,0.0642186303550325,0.05285811980093169,0.018338292121067763,1,0,0.7413542240533266,1.3508021330771696,Bull_Volatile
2026-01-14,62.02000045776367,66.5199966430664,1.830399990081787,949.6825561523438,99.12999725341795,48.060001373291016,129.33790588378906,165.61985778808594,180.18698120117188,140.23709106445312,199.1935272216797,569.6976318359375,198.18174743652344,651.0548095703125,341.6598815917969,364.5109558105469,2.560399990081787,,2.7603999900817873,,2.8603999900817874,,2.810399990081787,,,,0.0,-0.20000000000000018,-0.30000000000000027,-0.25,14.856799125671387,0.07785887158419191,0.07023295325695811,0.018179418291533474,2,0,0.7659337558009376,1.5218145323154026,Bull_Volatile
2026-01-15,59.18999862670898,63.7599983215332,1.7838000059127808,955.4447021484376,99.31999969482422,47.61000061035156,128.27500915527344,164.55030822753906,176.70443725585938,138.86834716796875,202.20556640625,574.8604125976562,199.16847229003903,652.5201416015625,339.23834228515625,367.1900024414063,2.5138000059127807,,2.713800005912781,,2.813800005912781,,2.7638000059127807,,,,0.0,-0.20000000000000018,-0.30000000000000027,-0.25,15.729601621627815,0.02903334762960519,0.030825505297924938,0.020218933336390774,3,1,1.8671093551902,0.8868158760761455,Bull_Volatile
2026-01-16,59.43999862670898,64.12999725341797,1.7851999998092651,962.2953491210938,99.38999938964844,47.68999862670898,129.02996826171875,164.6493377685547,174.7542266845703,137.15245056152344,206.15512084960935,579.3765869140625,201.2515563964844,664.7709350585938,345.2573547363281,367.3800048828125,2.515199999809265,,2.7151999998092653,,2.8151999998092654,,2.765199999809265,,,,0.0,-0.20000000000000018,-0.30000000000000027,-0.25,15.538401365280158,0.028017968530528625,0.03698532699183166,0.02012117809142955,4,1,2.088140525357285,0.8851612649140781,Bull_Volatile
2026-01-20,60.34000015258789,64.91999816894531,1.823799967765808,962.9444580078124,98.63999938964844,47.59999847412109,129.59620666503906,163.69863891601562,174.00796508789062,137.3408966064453,202.5047607421875,573.0399780273438,195.7099609375,655.2015380859375,341.14166259765625,359.1700134277344,2.553799967765808,,2.7537999677658083,,2.8537999677658084,,2.803799967765808,,,,0.0,-0.20000000000000018,-0.30000000000000027,-0.25,16.25959849357605,0.03145299406133151,0.034636496370608505,0.020297055225355992,1,0,2.180353438191135,0.9392023720992676,Bull_Volatile
2026-01-21,60.619998931884766,65.23999786376953,1.8573999404907229,981.5191040039062,98.76000213623048,48.75,132.725341796875,165.11477661132812,176.59498596191406,140.48504638671875,206.7535400390625,583.1566772460938,196.84619140625,662.0396118164062,346.6026611328125,364.7799987792969,2.5873999404907226,,2.787399940490723,,2.887399940490723,,2.8373999404907226,,,,0.0,-0.20000000000000018,-0.30000000000000027,-0.25,17.3907985687256,-0.018935134589851854,0.061088706433043205,0.02026049705045864,2,0,2.1036681606206207,0.27901543443165766,Bull_Volatile
2026-01-22,59.36000061035156,64.05999755859375,1.817199945449829,974.8381958007812,98.36000061035156,48.90999984741211,132.75514221191406,165.04547119140625,174.88356018066406,140.77267456054688,206.244873046875,590.79638671875,195.6900177001953,668.2996215820312,354.5151062011719,365.8299865722656,2.547199945449829,,2.7471999454498293,,2.8471999454498294,,2.797199945449829,,,,0.0,-0.20000000000000018,-0.30000000000000027,-0.25,16.96239709854126,-0.034796738043064046,0.06018929864009692,0.02036959514872244,3,1,2.105338392074199,0.0768686434264483,Bull_Volatile
2026-01-23,61.06999969482422,65.87999725341797,1.8509999513626096,981.9085693359376,97.5999984741211,49.18999862670898,134.0763397216797,165.10488891601562,174.50546264648438,140.3858642578125,206.8034210205078,587.7225952148438,195.2813720703125,670.8015747070312,353.4986572265625,363.2699890136719,2.5809999513626094,,2.7809999513626096,,2.8809999513626097,,2.8309999513626094,,,,0.0,-0.20000000000000018,-0.30000000000000027,-0.25,16.67199826240538,-0.0039145599916974305,0.05730611962391685,0.02125903929804804,4,1,2.4923266900012138,0.5080549071770892,Bull_Volatile
2026-01-26,60.630001068115234,65.58999633789062,1.820099949836731,976.336181640625,97.04000091552734,49.220001220703125,133.9471893310547,165.8773193359375,171.6796112060547,139.2452392578125,205.9656219482422,578.610595703125,193.4873504638672,658.8598022460938,352.9704895019531,363.5400085449219,2.550099949836731,,2.750099949836731,,2.850099949836731,,2.800099949836731,,,,0.0,-0.20000000000000018,-0.30000000000000027,-0.25,15.814196825027466,0.007980042062506243,0.02554130858443049,0.021360880476798405,0,0,2.4610962909407417,0.693926687887435,Bull_Volatile
2026-01-27,62.38999938964844,67.56999969482422,1.8652000427246092,968.956298828125,96.22000122070312,49.66999816894531,135.92401123046875,167.4123077392578,170.93336486816406,138.86834716796875,205.18768310546875,591.8309936523438,200.6136779785156,676.5730590820312,359.2884826660156,366.6199951171875,2.595200042724609,,2.795200042724609,,2.895200042724609,,2.845200042724609,,,,0.0,-0.20000000000000018,-0.30000000000000027,-0.25,15.948402404785142,0.03158068554676907,0.04857141831341916,0.0209618695298727,1,0,2.1967175730722563,1.0494596203595914,Bull_Volatile
2026-01-28,63.209999084472656,68.4000015258789,1.892300009727478,959.46923828125,96.4499969482422,50.04999923706055,136.66905212402344,168.28378295898438,171.1522674560547,140.9214630126953,207.4915771484375,594.1387939453125,198.7997131347656,686.929931640625,359.0492858886719,356.67999267578125,2.622300009727478,,2.822300009727478,,2.9223000097274783,,2.872300009727478,,,,0.0,-0.20000000000000018,-0.30000000000000027,-0.25,16.26660132408142,0.04358592377331694,0.03368761254604302,0.020599135230667195,2,0,1.981977850731946,1.2820139562347517,Bull_Volatile
2026-01-29,65.41999816894531,70.70999908447266,1.919999957084656,951.5899658203124,96.27999877929688,50.5099983215332,139.57965087890625,169.53158569335938,174.86367797851562,142.90516662597656,212.4285430908203,619.2464599609375,199.2183074951172,693.1300659179688,354.7841491699219,349.95001220703125,2.6499999570846557,,2.849999957084656,,2.949999957084656,,2.8999999570846557,,,,0.0,-0.20000000000000018,-0.30000000000000027,-0.25,15.220000028610244,0.07281073565167429,0.05482098816650405,0.021618402069559416,3,1,2.408372394497278,1.8217112261093653,Bull_Volatile
2026-01-30,65.20999908447266,70.69000244140625,1.9227999448776243,940.25,96.98999786376952,51.04999923706055,140.4637451171875,175.18626403808594,175.31143188476562,142.38938903808594,210.96241760253903,630.8950805664062,200.26483154296875,690.0499267578125,341.6598815917969,351.0899963378906,2.652799944877624,,2.8527999448776242,,2.9527999448776243,,2.902799944877624,,,,0.0,-0.20000000000000018,-0.30000000000000027,-0.25,15.547598600387559,0.06814086649302964,0.10170637941267335,0.02143510778160526,4,1,2.2588137677307256,1.8232597987547845,Bull_Volatile
2026-02-02,62.13999938964844,66.30000305175781,1.8514000177383425,968.3599853515624,97.61000061035156,50.04999923706055,137.48361206054688,172.3440704345703,176.02783203125,141.08016967773438,207.2123260498047,632.665771484375,200.4243011474609,682.8330688476562,339.0589294433594,346.3699951171875,2.5814000177383423,,2.7814000177383424,,2.8814000177383425,,2.8314000177383423,,,,0.0,-0.20000000000000018,-0.30000000000000027,-0.25,15.618801355361953,0.02608979492286223,0.0454239708162818,0.024536639597562023,0,0,3.516292137558451,1.215997198677877,Extreme_Shock
2026-02-03,63.209999084472656,67.33000183105469,1.8978999853134155,977.9199829101562,97.44000244140624,51.66999816894531,142.7783203125,176.31521606445312,186.6446228027344,146.88246154785156,210.4039001464844,624.9663696289062,202.82632446289065,702.7293090820312,350.349609375,355.3099975585937,2.6278999853134155,,2.8278999853134157,,2.9278999853134158,,2.8778999853134155,,,,0.0,-0.20000000000000018,-0.30000000000000027,-0.25,16.501800298690796,0.06057048159018108,0.04756378728251742,0.0245303137653925,1,0,3.3371566971030178,1.8187369494818544,Extreme_Shock
2026-02-04,65.13999938964844,69.45999908447266,1.9651999473571775,978.3499755859376,97.62000274658205,52.83000183105469,146.61276245117188,179.47430419921875,194.9430389404297,153.42864990234375,213.29624938964844,599.6000366210938,196.08871459960935,687.5479125976562,337.8930053710937,353.3699951171875,2.6951999473571773,,2.8951999473571775,,2.9951999473571775,,2.9451999473571773,,,,0.0,-0.20000000000000018,-0.30000000000000027,-0.25,17.398398399353013,0.0960794052692504,0.0745628594095249,0.024472177237600576,2,0,3.163616748168585,2.3927217141964503,Extreme_Shock
2026-02-05,63.290000915527344,67.55000305175781,1.9265999794006348,989.2899780273438,97.81999969482422,52.209999084472656,145.11277770996094,177.49368286132812,194.85348510742188,153.17076110839844,209.9850006103516,605.986328125,195.32125854492188,694.2763671875,341.0320739746094,352.04998779296875,2.6565999794006347,,2.856599979400635,,2.956599979400635,,2.9065999794006347,,,,0.0,-0.20000000000000018,-0.30000000000000027,-0.25,17.627198219299316,0.059246877247319585,0.0662062039212723,0.025026010676078448,3,1,3.232563060388641,1.7675789074767252,Extreme_Shock
2026-02-06,63.54999923706055,68.05000305175781,1.9531999826431277,1001.1599731445312,97.62999725341795,53.25,148.0631103515625,179.10789489746094,201.98773193359372,156.51329040527344,213.1100006103516,620.3108520507812,198.0023498535156,706.8461303710938,348.4462585449219,360.07000732421875,2.6831999826431274,,2.8831999826431276,,2.9831999826431277,,2.9331999826431274,,,,0.0,-0.20000000000000018,-0.30000000000000027,-0.25,18.48440003395082,0.05687673554289718,0.040609129763046425,0.024315945650065535,4,1,2.8373574205747665,1.7056594541109353,Extreme_Shock
2026-02-09,64.36000061035156,69.04000091552734,1.9854999780654907,997.5900268554688,96.81999969482422,53.63999938964844,150.20880126953125,180.8310546875,203.24143981933597,156.21572875976562,215.6499938964844,634.9437255859375,195.54052734375,695.7915649414062,349.38299560546875,360.1000061035156,2.7154999780654907,,2.915499978065491,,3.015499978065491,,2.9654999780654907,,,,0.0,-0.20000000000000018,-0.30000000000000027,-0.25,19.030998468399048,0.05439055774947854,0.06152069068984245,0.024001980696081796,0,0,2.6193229715228425,1.6470025398057444,Extreme_Shock
2026-02-10,63.959999084472656,68.80000305175781,1.9592000246047971,971.22998046875,96.8000030517578,53.58000183105469,150.58628845214844,180.4943389892578,203.13198852539065,156.02728271484375,218.3699951171875,626.259521484375,194.54383850097656,682.8131103515625,343.8821105957031,358.8299865722656,2.689200024604797,,2.889200024604797,,2.989200024604797,,2.939200024604797,,,,0.0,-0.20000000000000018,-0.30000000000000027,-0.25,18.32640194892882,0.0935202128404049,0.025164284503658818,0.024115629118020104,1,0,2.5677545281200462,2.2497103231839746,Extreme_Shock
2026-02-11,64.62999725341797,69.4000015258789,1.978899955749512,978.1400146484376,96.83000183105467,54.97999954223633,154.52999877929688,184.0198516845703,207.599609375,160.18312072753906,219.41000366210935,625.404052734375,195.8594665527344,676.662841796875,339.1087646484375,346.3399963378906,2.7088999557495117,,2.908899955749512,,3.008899955749512,,2.9588999557495117,,,,0.0,-0.20000000000000018,-0.30000000000000027,-0.25,18.483800888061538,0.10120972509285053,0.022464771231014424,0.02351943141249692,2,0,2.282727872923296,2.318307643429401,Bull_Volatile
2026-02-12,62.84000015258789,67.5199966430664,1.915899991989136,998.8599853515624,96.93000030517578,53.97999954223633,149.92999267578125,180.6329803466797,197.03257751464844,154.98583984375,217.69000244140625,634.0882568359375,200.47413635253903,692.8410034179688,338.7201232910156,340.75,2.6458999919891357,,2.845899991989136,,2.945899991989136,,2.8958999919891357,,,,0.0,-0.20000000000000018,-0.30000000000000027,-0.25,17.627799510955825,0.04576468618766616,-0.03943745167486323,0.024324012173329013,3,1,2.4812139743918444,1.4256693597631402,Bull_Volatile
2026-02-13,62.88999938964844,67.75,1.9110000133514404,1018.47998046875,96.87999725341795,54.34999847412109,148.4499969482422,181.9600067138672,202.24642944335935,158.46722412109375,220.7899932861328,649.1588745117188,199.397705078125,700.3270263671875,344.3006896972656,347.6400146484375,2.6410000133514404,,2.8410000133514406,,2.9410000133514407,,2.8910000133514404,,,,0.0,-0.20000000000000018,-0.30000000000000027,-0.25,17.37200117111206,0.0497412710703764,-0.035577361254351514,0.02172180517015228,4,1,1.5542933613779748,1.478362715713805,Bull_Volatile
2026-02-17,62.33000183105469,67.41999816894531,1.9143999814987185,1012.0499877929688,97.16000366210938,53.75,146.19000244140625,180.5500030517578,199.5399932861328,156.87034606933594,219.00999450683597,646.174560546875,202.82632446289065,698.8816528320312,345.38690185546875,342.5199890136719,2.6443999814987182,,2.8443999814987184,,2.9443999814987185,,2.8943999814987182,,,,0.0,-0.20000000000000018,-0.30000000000000027,-0.25,18.074797391891494,0.026177150290589646,0.0030576511630591163,0.02188891920229179,1,0,1.5810973167390259,1.1075240473067722,Bull_Volatile
2026-02-18,65.19000244140625,70.3499984741211,1.968000054359436,996.0800170898438,97.6999969482422,54.77999877929688,150.67999267578125,183.8699951171875,199.57000732421875,156.11654663085938,223.72000122070312,646.4033813476562,204.13198852539065,722.5159912109375,350.897705078125,349.489990234375,2.698000054359436,,2.898000054359436,,2.9980000543594363,,2.948000054359436,,,,0.0,-0.20000000000000018,-0.30000000000000027,-0.25,17.465999841690063,0.09673627098829618,0.03132421113133632,0.023810741491001573,2,0,2.169954954297891,2.176082458861052,Bull_Volatile
2026-02-19,66.43000030517578,71.66000366210938,2.006599903106689,987.8200073242188,97.93000030517578,55.18000030517578,150.97000122070312,184.77999877929688,196.47000122070312,154.1427764892578,226.19000244140625,663.0158081054688,204.73001098632807,734.5175170898438,357.4548645019531,354.3399963378906,2.736599903106689,,2.936599903106689,,3.0365999031066893,,2.986599903106689,,,,0.0,-0.20000000000000018,-0.30000000000000027,-0.25,17.84719562530516,0.12326684123712295,0.019803514393835542,0.024042580063274612,3,1,2.184961734979505,2.5141104601800315,Bull_Volatile
2026-02-20,66.38999938964844,71.76000213623047,1.9973000288009644,985.27001953125,97.8000030517578,54.880001068115234,147.27999877929688,183.92999267578125,196.75999450683597,154.47999572753906,226.47000122070312,654.80908203125,204.9199981689453,721.25,354.9037475585937,351.4200134277344,2.7273000288009643,,2.9273000288009645,,3.0273000288009646,,2.9773000288009643,,,,0.0,-0.20000000000000018,-0.30000000000000027,-0.25,17.496601819992065,0.14347223250651564,0.0489808568380119,0.023322225138340907,4,1,1.9061373704728646,2.737186019446264,Bull_Volatile
2026-02-23,66.30999755859375,71.48999786376953,1.989199995994568,986.02001953125,97.6999969482422,55.150001525878906,150.75999450683594,184.91000366210935,192.82000732421875,154.85000610351562,223.3500061035156,657.1566772460938,201.9199981689453,725.3900146484375,353.9072265625,348.9800109863281,2.719199995994568,,2.919199995994568,,3.019199995994568,,2.969199995994568,,,,0.0,-0.20000000000000018,-0.30000000000000027,-0.25,17.236402273178115,0.12695440833844596,0.043430343897213675,0.02272668163090551,0,0,1.6811402745657045,2.4326259688408594,Bull_Volatile
2026-02-24,65.62999725341797,70.7699966430664,1.9714000225067136,998.4299926757812,97.87999725341795,55.09999847412109,149.25999450683594,185.33999633789065,195.2899932861328,154.36000061035156,220.9600067138672,660.9467163085938,198.4600067138672,727.72998046875,353.04022216796875,351.17999267578125,2.7014000225067134,,2.9014000225067136,,3.0014000225067137,,2.9514000225067134,,,,0.0,-0.20000000000000018,-0.30000000000000027,-0.25,17.168803691864,0.1325279791090197,0.01973270091706847,0.022818488047780885,1,0,1.6758768616481055,2.4567194269258343,Bull_Volatile
2026-02-25,65.41999816894531,70.8499984741211,1.9914000034332275,994.760009765625,97.6999969482422,54.869998931884766,149.05999755859375,184.22000122070312,195.7700042724609,151.91000366210938,220.67999267578125,644.10546875,195.97999572753903,703.6500244140625,339.8661193847656,343.1400146484375,2.7214000034332275,,2.9214000034332277,,3.021400003433228,,2.9714000034332275,,,,0.0,-0.20000000000000018,-0.30000000000000027,-0.25,18.218801975250244,0.11543045979426259,0.022826752741888168,0.02210082717797155,2,0,1.4255816939961043,2.186264554758536,Bull_Volatile
2026-02-26,65.20999908447266,70.75,2.0322999954223637,986.739990234375,97.79000091552734,55.04999923706055,148.5399932861328,184.16000366210935,201.07000732421875,152.4600067138672,232.50999450683597,638.2662353515625,197.6300048828125,710.9000244140625,353.9271545410156,350.7200012207031,2.7622999954223637,,2.962299995422364,,3.062299995422364,,3.0122999954223637,,,,0.0,-0.20000000000000018,-0.30000000000000027,-0.25,20.146600723266616,0.11374893141239384,0.008974189319248538,0.021992717811544302,3,1,1.368180835033771,2.116683622977204,Bull_Volatile
2026-02-27,67.0199966430664,72.4800033569336,2.077899932861328,1010.7899780273438,97.61000061035156,55.91999816894531,152.5,186.75999450683597,198.2100067138672,154.3300018310547,235.72999572753903,654.6300048828125,202.6199951171875,724.3800048828125,363.2745971679688,357.04998779296875,2.807899932861328,,3.0078999328613283,,3.1078999328613284,,3.057899932861328,,,,0.0,-0.20000000000000018,-0.30000000000000027,-0.25,20.251800537109375,0.12980439966040702,0.06651808530121994,0.021473503384496648,4,1,1.1877979682092799,2.2805642599481337,Bull_Volatile
2026-03-02,71.2300033569336,77.73999786376953,2.3705999851226807,1002.77001953125,98.37999725341795,57.040000915527344,154.22000122070312,189.6000061035156,209.82000732421875,160.17999267578125,248.92999267578125,676.7000122070312,212.16000366210935,768.02001953125,377.1661987304688,364.7799987792969,3.1005999851226806,,3.300599985122681,,3.400599985122681,,3.3505999851226806,,,,0.0,-0.20000000000000018,-0.30000000000000027,-0.25,28.335196018218994,0.21469993346397676,0.13261256238234131,0.025433332061549584,0,0,2.340815255438047,3.2695614847483356,Bull_Volatile
2026-03-03,74.55999755859375,81.4000015258789,2.45740008354187,1007.77001953125,99.0500030517578,56.52000045776367,151.8300018310547,188.7700042724609,211.97999572753903,159.77999877929688,246.07000732421875,667.8200073242188,206.5200042724609,759.1099853515625,366.7225646972656,364.7000122070313,3.18740008354187,,3.3874000835418703,,3.4874000835418704,,3.43740008354187,,,,0.0,-0.20000000000000018,-0.30000000000000027,-0.25,28.650805950164795,0.26480062075703903,0.19621362695750322,0.023986470552627773,1,0,1.8626558111794074,3.6802660867157444,Bull_Volatile
2026-03-04,74.66000366210938,81.4000015258789,2.514899969100952,1006.739990234375,98.7699966430664,56.18999862670898,149.82000732421875,186.02999877929688,220.7700042724609,164.72000122070312,248.97999572753903,664.47998046875,208.82000732421875,753.8400268554688,367.469970703125,366.1199951171875,3.244899969100952,,3.4448999691009523,,3.5448999691009524,,3.494899969100952,,,,0.0,-0.20000000000000018,-0.30000000000000027,-0.25,30.965795040130615,0.25121511568883315,0.1452676923768319,0.02397754220329814,2,0,1.8201644630412166,3.335666238339428,Bull_Volatile
2026-03-05,81.01000213623047,85.41000366210938,2.6709001064300537,982.5700073242188,99.31999969482422,56.47999954223633,150.75999450683594,189.8999938964844,217.3600006103516,166.44000244140625,249.5399932861328,655.0,203.8600006103516,740.010009765625,358.8500061035156,360.7000122070313,3.4009001064300537,,3.600900106430054,,3.700900106430054,,3.6509001064300537,,,,0.0,-0.20000000000000018,-0.30000000000000027,-0.25,31.167802333831787,0.3483688360068806,0.21947917754139623,0.029141974375026088,3,1,3.1976266241392115,4.1246697413759215,Extreme_Shock
2026-03-06,90.9000015258789,92.69000244140624,2.7465999126434326,998.0999755859376,98.98999786376952,56.56999969482422,151.2100067138672,189.94000244140625,221.27999877929688,165.9600067138672,255.1499938964844,671.77001953125,209.75999450683597,756.1300048828125,366.6099853515625,363.489990234375,3.4765999126434326,,3.6765999126434328,,3.776599912643433,,3.7265999126434326,,,,0.0,-0.20000000000000018,-0.30000000000000027,-0.25,24.457194805145264,0.5438179326919743,0.3691821413098564,0.036767060505208435,4,1,4.824298591976147,5.419598821596207,Extreme_Shock
2026-03-09,94.7699966430664,98.95999908447266,2.8083999156951904,1005.2999877929688,99.18000030517578,56.31999969482422,150.44000244140625,189.44000244140625,215.6999969482422,163.0,250.8000030517578,664.1500244140625,208.22999572753903,747.3400268554688,371.260009765625,361.9800109863281,3.299,3.799,3.7383999156951906,,3.8383999156951907,,3.7883999156951904,,,,0.0,-0.43939991569519066,-0.5393999156951907,-0.4893999156951905,23.182799816131592,0.6269527320698096,0.4291962016636246,0.03695940495047169,0,0,4.437574123358294,5.394241767423317,Extreme_Shock
2026-03-10,83.44999694824219,87.80000305175781,2.640300035476685,997.3599853515624,98.83000183105467,55.59999847412109,148.1300048828125,186.2899932861328,215.22999572753903,162.5,245.75999450683597,651.219970703125,207.0,734.97998046875,361.7200012207031,355.5899963378906,3.299,3.799,3.63,4.401,3.735,4.506,3.681,4.441,3.707,4.469,0.0,-0.33099999999999996,-0.43599999999999994,-0.3820000000000001,27.44260454177858,0.4274717457258228,0.2715221764525697,0.04849564255317676,1,0,6.00751241727876,3.513036914211898,Extreme_Shock
2026-03-11,87.25,91.9800033569336,2.788300037384033,992.22998046875,99.2300033569336,56.97999954223633,151.5800018310547,191.7899932861328,226.7400054931641,169.5,250.32000732421875,649.469970703125,207.25999450683597,733.1799926757812,364.260009765625,353.8500061035156,3.399,3.899,3.703,4.45,3.804,4.567,3.752,4.509,3.757,4.513,4.2481,-0.3039999999999998,-0.4049999999999998,-0.35299999999999976,29.858601570129395,0.514756984571801,0.3336900403861114,0.04872962033767829,2,0,5.288444297055315,3.9130942577660504,Extreme_Shock
2026-03-12,95.7300033569336,100.45999908447266,2.964600086212158,992.22998046875,99.73999786376952,56.97999954223633,151.5800018310547,191.7899932861328,226.7400054931641,169.5,250.32000732421875,649.469970703125,207.25999450683597,733.1799926757812,364.260009765625,353.8500061035156,3.459,3.949,3.718,4.475,3.804,4.588,3.74,4.531,3.759,4.548,18.8467,-0.2589999999999999,-0.34499999999999975,-0.28100000000000014,28.78320026397705,0.6666087333856616,0.4680264484120833,0.05189440958667844,3,1,5.146831040007988,4.568091462363091,Extreme_Shock
